Sample,Type,Class,TPO,TG,NT5E,SLC5A5,ANPEP,CCND1,GAB2,HPSE,DAPK1,EIF5A2,KIT,PTPN14,SFTPC,GATA3
DE.A4MD.06,Other,Metastases,"11,03","13,06",",30","-1,01","-,30",",55","-,96","-1,04","-,96","-,77","-2,58","-,99","-,82","2,08"
J8.A4HW.06,Other,Metastases,"9,21","13,99","2,10","2,41",",34","1,39","-,25",",48",",74","-1,03","1,60","-,18","-2,87","2,08"
EM.A3FQ.06,Other,Metastases,"11,74","14,68","2,05","3,99","-2,33","1,75","-1,95","-2,10","-1,65","-1,55","-1,20","-1,71","2,24","-,02"
J8.A3O2.06,Other,Metastases,"5,87","13,91","2,75","-,74","-3,02","1,13",",17","-,79","-,12","-1,69",",32","-,44","-2,87","2,38"
EM.A2CS.06,Other,Metastases,"12,37","14,69","2,23","2,98","-2,88","1,32",",30","1,04","-1,83","-1,25",",37","-,74",",81","1,20"
EM.A3SU.06,Other,Metastases,"10,16","12,56","3,03","-,22",",32","1,96",",07",",47","-,09","-1,02",",34",",52","-1,53","1,75"
EM.A2P1.06,Other,Metastases,"7,67","11,71","3,31","-1,74","-,96","1,37",",42",",73","-,48","-1,60","-2,36",",24","-2,87","1,46"
J8.A3YH.06,Other,Metastases,"8,72","13,82","2,73","-,91","-2,34","1,20",",00","-,31","-1,11","-1,64","-,25","-,50","-1,77","1,39"
EL.A3T8.11,Classical,Normal,"14,02","15,62","1,68","4,66","-2,36","-,10","-,58","-1,66",",12","-,16","3,73","-,27","2,74","1,37"
EL.A3TB.11,Classical,Normal,"14,65","15,98",",29","6,48","-2,68","-,41","-1,09","-3,30","-,10","-,26","4,11",",06","2,46","1,28"
EL.A3MW.11,Other,Normal,"14,06","15,90","1,69","7,42","-1,45",",18","-,64","-1,76",",16",",12","4,04","1,11",",99","1,49"
KS.A41J.11,Classical,Normal,"14,52","16,09",",26","7,93","-1,89","-,14","-1,13","-1,89",",17","-,34","4,57","-,09","1,50",",85"
BJ.A2N9.11,Classical,Normal,"14,43","15,58",",31","9,92","-,84","-,08","-,94","-,61","-,19","-,60","3,35","-,63","1,98","2,13"
EM.A1CV.11,Classical,Normal,"14,22","16,24","-,41","4,69","-3,77",",04","-1,62","-2,59","-,23",",09","4,17",",39","1,61","-,46"
EL.A3H1.11,Classical,Normal,"14,79","16,28","1,11","9,41","-2,29",",33","-,88","-1,81","-,52",",02","3,85",",28","2,43",",83"
BJ.A2NA.11,Tall_Cell,Normal,"14,93","15,84","1,70","8,17","-2,14","-,06","-1,13","-1,34","-,78","-,50","3,64","-,24","3,69","2,07"
EL.A3ZL.11,Classical,Normal,"12,90","14,87","1,03","3,51","-2,05","-1,07","-,99","-1,57",",21","-,08","3,24",",44","1,91",",80"
EM.A1YC.11,Follicular,Normal,"14,14","15,17",",87","7,05","-1,49","-,31","-,78","-2,43","-,19","-,12","2,75","-,84","3,25","2,39"
EM.A1CS.11,Classical,Normal,"14,48","15,76","-,31","8,28","-3,28",",03","-1,03","-2,85","-1,28",",03","3,69","-,82","2,44","1,75"
EL.A3ZG.11,Classical,Normal,"14,20","15,89","-,72","11,21","-3,55","-1,11","-2,76","-3,74","-,67","-,62","2,99","-1,20","2,55","1,16"
EL.A3ZS.11,Classical,Normal,"12,63","12,54",",98","5,73","-,38","-2,06","-1,24","-,14","-,92","-,47",",44","-1,84",",87","2,44"
EL.A3ZM.11,Classical,Normal,"15,27","16,03","1,78","8,42","-2,60","-,87","-2,08","-3,87","-,61","-,42","2,79","-,53","3,34",",67"
BJ.A2N7.11,Follicular,Normal,"14,81","15,78","-,24","10,20","-2,59","-,20","-1,24","-2,46",",14",",00","3,89",",18","1,68",",71"
EL.A3ZK.11,Classical,Normal,"14,96","15,99",",99","10,40","-1,62",",19","-,38","-1,31",",09","-,63","3,51",",13","2,75","1,93"
EL.A3T1.11,Classical,Normal,"13,73","15,34","1,15","6,76","-1,38",",69","-,42","-,55","-,17","-,35","3,37","1,09","2,00",",70"
ET.A2N5.11,Follicular,Normal,"15,11","16,04",",43","8,22","-4,28","-,01","-1,86","-2,03","-,14","-,40","4,59",",46","2,38","-,64"
EL.A3T2.11,Classical,Normal,"13,17","15,55","1,11","-,40","-3,12","-,50","-,56","-1,56",",21","-,14","3,49","1,47",",90","-2,16"
EL.A3N3.11,Classical,Normal,"14,21","15,65",",72","6,81","-2,78",",07","-1,09","-,32",",09","-,20","3,08","1,04","-,49","-,07"
EM.A1CW.11,Classical,Normal,"13,30","15,69","1,17","4,96","-3,55","-,52","-1,77","-2,02","-,58","-,11","5,29","-,06",",05",",46"
ET.A3DW.11,Follicular,Normal,"14,32","15,91",",67","10,19","-4,39",",00","-,87","-,60","-,67","-,18","2,83","-,15","3,36",",20"
ET.A2MX.11,Classical,Normal,"14,24","15,39",",43","6,64","-3,12","-,46","-1,82","-2,57","-,27","-,19","4,07","-1,19","2,09","2,00"
EL.A3H2.11,Classical,Normal,"14,94","15,79",",38","8,94","-2,82",",02","-1,46","-2,50","-,28","-,48","3,66",",23","2,52",",32"
EM.A1CT.11,Classical,Normal,"15,12","15,71",",80","8,12","-2,29","-,31","-1,46","-2,95","-,52","-,09","2,78","-,61","2,65",",56"
EL.A3N2.11,Classical,Normal,"13,97","16,58","1,44","3,21","-3,41","-1,09","-,09","-1,88","-,13","-,60","4,45","1,37",",89",",78"
EL.A3ZH.11,Classical,Normal,"15,30","15,83","2,10","7,43","-2,76","-,49","-2,10","-1,73",",18","-,39","3,76",",74","2,79","1,18"
GE.A2C6.11,Classical,Normal,"14,30","15,58","2,01","7,09","-,47","-,86","-,52","-,59",",19","-,53","2,45",",19","2,21","1,68"
DO.A1JZ.11,Classical,Normal,"14,73","16,89",",06","9,21","-2,77",",63","-1,35","-2,68","-,74","-,61","4,20","1,34","1,23","-,04"
H2.A2K9.11,Other,Normal,"14,80","16,14",",64","8,71","-1,30","-,05","-,78","-,85",",21","-,49","4,16",",53","2,25","1,74"
EL.A3ZO.11,Classical,Normal,"14,52","15,44","1,38","7,41","-2,28","-,29","-1,01","-1,60",",16","-,02","3,30",",75","1,99",",18"
EL.A3H7.11,Classical,Normal,"14,29","15,74",",18","6,28","-2,56","-,26","-,58","-1,04",",51",",00","3,43",",69",",91",",23"
EL.A3TA.11,Classical,Normal,"14,63","15,36","-,01","7,13","-2,06","-,31","-1,55","-3,71","-,18","-,41","3,79",",23","2,97","1,44"
BJ.A2N8.11,Follicular,Normal,"14,87","16,95","-,56","9,97","-2,67",",25","-1,19","-3,22","-,67","-,79","3,78",",38","2,93","1,08"
E8.A2JQ.11,Classical,Normal,"14,27","15,88",",18","8,57","-,69","-,51","-,61",",25",",10","-,24","3,51",",10",",83","2,13"
EL.A3ZR.11,Classical,Normal,"14,33","16,06","1,52","6,34","-1,38","-,51","-,94","-,86",",79","-,26","3,89",",63","2,46",",27"
EM.A3ST.11,Follicular,Normal,"14,81","15,53",",72","9,72","-2,56","-,32","-1,84","-4,54","-1,27","-,82","2,48","-2,05","3,94","1,16"
EL.A3ZP.11,Classical,Normal,"14,59","16,43",",53","6,69","-,86",",13","-,47","-,93","-,18","-,32","3,77",",36","1,14","1,24"
BJ.A3PR.11,Classical,Normal,"14,12","15,39","-,04","9,45","-1,66",",25","-1,69","-,93","-1,96","-,85","1,90","-2,14","4,58","1,49"
FY.A3TY.11,Classical,Normal,"13,43","15,50",",71","6,59","-2,45","-,16","-1,02","-2,54","-,25","-,37","4,25",",99","1,69","1,15"
ET.A3DP.11,Classical,Normal,"14,48","16,27",",47","5,67","-3,68",",05","-1,57","-2,40","-,14","-,13","3,36",",89","1,77","-,83"
EM.A1CU.11,Other,Normal,"14,45","16,05",",75","4,43","-3,46","-,82","-1,50","-2,97","-,42",",25","4,16",",08","1,78",",46"
KS.A41L.11,Follicular,Normal,"14,57","15,36",",00","8,73","-2,45","-,43","-1,63","-2,26",",14","-,58","3,40","-,10","2,53","2,04"
EL.A3T3.11,Classical,Normal,"14,92","15,97",",21","7,73","-2,46","-,16","-1,27","-2,15","-,18","-,69","3,65",",46","2,35","1,36"
BJ.A28R.11,Tall_Cell,Normal,"14,18","15,53","1,76","8,21","-1,11","-,40","-,67","-1,20","-,12","-,17","3,25","-,10","1,23","1,15"
BJ.A290.11,Classical,Normal,"14,71","16,28",",90","6,49","-1,98",",19","-,90","-2,02",",31","-,39","4,54",",33","2,72","1,64"
KS.A41I.11,Follicular,Normal,"13,51","14,80","1,45","5,40","-1,73","-,91","-,47","-1,01",",47","-,37","3,16","-1,05","2,01","1,92"
BJ.A28W.11,Classical,Normal,"15,39","15,68",",58",",96","-1,17",",72","-1,32","-,48","-1,95","-1,76",",51","-2,09","5,36","1,15"
EL.A3T6.11,Classical,Normal,"14,87","15,50",",17","8,09","-1,67","-,31","-1,08","-1,45","-,35","-,29","2,88",",37","2,42",",80"
EL.A3T7.11,Classical,Normal,"14,90","16,28",",96","7,71","-2,66","-,48","-1,11","-1,46",",40","-,22","4,06",",71","2,41","2,09"
EL.A3ZQ.11,Classical,Normal,"13,70","15,76",",64","5,18","-2,59","-,47","-,81","-1,44",",44","-,37","3,23",",42","1,48","2,11"
BJ.A28X.11,Classical,Normal,"13,29","14,78",",69","6,37",",26","-,60","-,09",",12",",52","-,29","2,84",",21","1,70","2,21"
EL.A3T0.11,Classical,Normal,"14,60","15,80",",65","9,52","-1,79","-,55","-,11","-1,54","-,42","-,51","2,96",",40","2,06","1,28"
EL.A3GZ.11,Classical,Normal,"14,05","15,76","-,28","7,46","-3,29",",44","-1,30","-1,27","-,34","-,21","3,88","1,28",",92","-1,27"
H2.A3RI.11,Classical,Normal,"14,15","16,18","1,77","6,29","-1,57","-,33","-1,10","-1,71",",59","-,40","3,96",",00","1,34","1,20"
BJ.A3PU.11,Classical,Normal,"14,78","15,77","1,06","9,06","-2,90","-,34","-1,64","-2,80","-,09","-,41","3,83",",23","2,26","1,82"
EL.A3MX.11,Classical,Normal,"14,70","16,46",",39","6,87","-2,07",",19","-,48","-2,06","-,22","-,87","3,56",",09","2,37","1,52"
EL.A3ZT.11,Classical,Normal,"14,52","16,60",",05","6,61","-2,89","-,52","-,99","-3,23",",64","-,34","4,32",",81","2,54","1,26"
EL.A3MY.11,Classical,Normal,"15,13","16,15",",95","6,83","-2,47",",50","-,57","-1,51","-,47","-,35","4,00",",74","2,96",",64"
DJ.A4V5.01,Other,Tumour,"11,07","14,28","2,82","3,24",",23","1,48","-,61","-1,11","-,19","-1,53",",90",",11","-1,82","1,13"
L6.A4EQ.01,Other,Tumour,"7,96","13,95","1,63","-,79","-4,57",",89",",00","-2,05","-1,34","-2,31","-,79","-1,06","-2,35","1,57"
FE.A3PB.01,Other,Tumour,"5,50","11,63","2,88","-,25",",65","1,08","-,41","-,76","-,69","-,33","-1,05","-,52","-1,29","1,22"
E8.A2EA.01,Other,Tumour,"9,57","13,55","2,84","2,49","-,67","1,43","-,68",",41","-,20","-,78",",90","-1,46","-,89","1,67"
ET.A3DS.01,Other,Tumour,"15,71","16,96",",14","5,43","-3,17",",07","-1,64","-3,04","-2,87","-,89","5,41","-,29","1,22","-2,71"
E8.A432.01,Other,Tumour,"6,19","12,85",",59","-1,27","-1,08","2,65","-,32","-1,15","-2,02","-,74","-2,19","-,60",",45","-1,35"
ET.A39M.01,Other,Tumour,"9,17","13,94","1,19","-,70","-,06","1,14","-,68","-1,28","-1,02","-1,78","-2,31","-1,08","-1,32",",74"
EL.A3T8.01,Classical,Tumour,"10,49","14,24","2,36","-1,17","-1,80","1,73","-,09","-1,15","-,14","-1,46","1,49",",72","-2,42","2,31"
ET.A25K.01,Other,Tumour,"8,34","14,85","1,36","-1,21","-2,22","2,30",",62","1,04","-,67","-1,06",",94",",79","-1,24","3,57"
DJ.A13O.01,Other,Tumour,"12,94","14,49","2,60","3,53","-1,15","1,60","-,97","-,40","-,24","-,92","2,50","-1,30","1,19",",81"
DJ.A2PO.01,Other,Tumour,"7,51","14,98","1,92","-,59","-,80","1,47",",32","-,24","-,38","-1,46",",19",",82","-1,21",",72"
DJ.A13V.01,Other,Tumour,"5,22","13,53","1,95","-1,32","-2,19","1,76",",08","-1,35","-,99","-1,51","-,12","-,37","-2,33","2,34"
EM.A2CT.01,Other,Tumour,"13,99","15,74","-,82","1,27","-2,76",",87","1,18","-,57","-4,30","-,57","1,02",",36","2,86","-,51"
DJ.A3VJ.01,Other,Tumour,"9,63","13,41","2,81","2,27","-1,70","1,72","-,76",",35","-1,60","-,97",",69","-,28","-1,69","1,73"
EL.A4K4.01,Other,Tumour,"4,62","13,39","3,34","-1,82","-1,64","2,32",",36",",44","-,68","-1,12","-,93",",53","-2,87","1,46"
EL.A3ZP.01,Classical,Tumour,"11,28","14,06","3,22","3,09","-1,57","1,36","-,66","-1,66","-,15","-,72","1,23","-,69","-1,11","1,88"
DO.A1K0.01,Other,Tumour,"5,75","14,48","2,11","-1,44","-2,37","1,36",",49",",47","-1,06","-1,40","-,48","1,22","-2,06","1,28"
EM.A22N.01,Other,Tumour,"14,93","16,47","-,82","4,80","-2,14","-,08","-,33","-1,70","-2,37","-,41","3,89","-,21","4,45","-3,08"
IM.A3U3.01,Other,Tumour,"7,48","13,07","1,87",",09",",09","1,34",",12","-1,68","-1,39","-1,77","-1,39","-,05","-1,97","1,11"
IM.A3U2.01,Other,Tumour,"6,95","12,72","2,56","-,98",",92","2,09","-,62","-,49","-2,30","-2,16","-,79","-,35","-2,10",",90"
EL.A3ZM.01,Classical,Tumour,"3,71","10,12","4,41","-1,18","-1,15","1,77","-1,24","-,96","-1,97","-1,75","-3,02","-,79","-2,42",",83"
ET.A3DW.01,Follicular,Tumour,"7,62","12,63","2,67","-,82","-2,93","2,06","-,05",",56","-1,40","-2,17","-1,86","-,25","-2,45",",24"
EM.A22M.01,Other,Tumour,"9,17","13,50","2,37","1,16","-,27","1,47","-,03","-,09","-,46","-1,67","-1,21","-1,70","-1,17","2,59"
EM.A22I.01,Other,Tumour,"5,57","13,32","3,43",",13","-,54","2,56",",25","1,01","-1,07","-1,26","-1,48","1,01","-2,40","1,82"
EL.A3CS.01,Other,Tumour,"6,84","14,45","1,27","-,96","-2,91",",33","1,60","-,22","-1,56","-1,12","-,68",",79","-1,22",",18"
H2.A3RI.01,Classical,Tumour,"5,56","14,41","2,28","-2,24","-2,24","1,03",",21","-,11","-1,32","-1,16",",65",",05","-1,23","1,76"
BJ.A45J.01,Other,Tumour,"8,50","14,01","3,36","3,88","-2,73","2,31","-,42","-,10","-1,73","-,99","-1,60","-,47","-2,43","3,52"
EM.A2P0.01,Other,Tumour,"10,86","14,77","2,78","2,65","-2,42","1,45","-,38",",52","-,22","-1,16","2,33","1,13","-,24","1,60"
E3.A3E3.01,Other,Tumour,"7,52","14,43","2,50","-1,82","-1,20","1,63",",86",",23","-,78","-1,20","-,69",",19","-1,62","1,75"
DJ.A2Q5.01,Other,Tumour,"6,90","14,35","2,16",",54","-1,25","1,32",",06","-,23","-,28","-1,13","-,77",",07","-2,17","2,53"
ET.A39S.01,Other,Tumour,"13,13","15,36","1,93","6,12","-2,21","1,74","-,25","-,46","-,78","-,92","1,93","-,18","1,04","3,46"
FY.A3R9.01,Other,Tumour,"15,55","16,10","-,07","4,50","-3,29",",81","-,02","-3,78","-3,51","-,87","1,73","-,66","3,85",",50"
DJ.A1QN.01,Other,Tumour,"5,76","13,87","2,11","-,69","-1,76","2,08",",60","-,87","-,40","-1,70","-1,22",",41","-1,82","1,82"
EM.A22J.01,Other,Tumour,"14,04","16,52","-,96","-,96","-3,81","1,08",",19","-2,30","-2,89","-,64",",39","-,16","4,25","-3,54"
EL.A3GO.01,Other,Tumour,"11,72","14,02",",05","-,28","-2,06","1,16","-,34","-2,76","-,57","-,21","5,11",",80",",91","-2,67"
FK.A3SG.01,Other,Tumour,"10,85","14,37","1,96",",78",",99","1,59","-,50","-,35","-1,28","-1,36","-,71","-,22","-,58","1,27"
EL.A4K9.01,Other,Tumour,"9,79","14,59","2,61","-1,35","-1,71","2,40","-,39",",26","-1,03","-1,08","-,94","-1,03","-2,35",",75"
EM.A3FJ.01,Other,Tumour,"10,36","13,77","1,80","5,79","-2,47","1,38",",00","-2,09","-,85","-1,30",",45","-,91","-1,08","2,00"
KS.A4I1.01,Other,Tumour,"5,59","11,36","2,49",",53","-2,86","1,85",",02","-1,52","-1,14","-1,02","-,46","-,74","-2,26","2,65"
IM.A41Y.01,Other,Tumour,"8,23","14,40","2,40","-1,01","-2,30","1,17",",08","-,25","-,32","-3,29","-1,43","-,64","-,41",",76"
EM.A3ST.01,Follicular,Tumour,"7,36","11,91","2,74","-2,24","-3,51","1,72","-,98","-4,53","-,57","-1,13","-3,09","-2,46","2,38",",10"
ET.A39K.01,Other,Tumour,"6,77","13,99","1,87","-1,12","-,71","1,66","-1,19","-1,41","-,97","-1,95","-2,17","-,45","-1,12","1,50"
FY.A3ON.01,Other,Tumour,"11,19","13,82","3,04","3,19","-1,75","1,82","-1,16",",55","-,08","-,89","1,03",",66","-1,33","1,04"
BJ.A28W.01,Classical,Tumour,"14,06","14,39",",34","7,08","-,01","-1,02","-1,33","-,37","-,80","-,44","1,48","-3,04","2,82","2,52"
DJ.A13X.01,Other,Tumour,"10,84","15,57","-,10","4,28","-1,18","1,53",",24","-1,59",",18","-1,26",",84","1,28","-1,48","2,24"
EM.A3O8.01,Other,Tumour,"13,54","16,19",",57","-,51","-3,91",",78",",11","-2,51","-2,10","-1,53",",82","-,73","3,04",",43"
ET.A40T.01,Other,Tumour,"9,37","14,21","2,49",",76","-,52","1,59","-,25","-,71",",28","-1,17",",93","-,33","-1,36","2,09"
DJ.A3VF.01,Other,Tumour,"6,30","10,88","2,55","-1,05",",65","1,56",",36",",23","-,81","-,44","-1,29",",61","-2,15",",37"
ET.A39N.01,Other,Tumour,"12,96","12,56","-1,93","-,42","-1,93",",54","-1,42","-3,56","-,71","-1,44","2,44","-2,12","3,38",",83"
CE.A481.01,Other,Tumour,"10,20","14,29","3,40","6,12","-1,23","2,07","-,99","-1,10","-1,47","-1,41",",49",",17","-,17","-,62"
KS.A41I.01,Follicular,Tumour,"12,30","14,36",",06","-1,33","-1,29","1,75","-,47","-2,34","-1,57","-1,53","-1,41","-1,64","3,84",",41"
DJ.A13U.01,Other,Tumour,"10,70","14,83","1,61",",09","-3,14","1,11",",97",",70","-2,45","-1,63","-,81","1,45","-,05",",80"
BJ.A0ZC.01,Other,Tumour,"15,58","16,61",",66","2,84","-3,02","-,56","-1,79","-2,83","-1,85","-,52","5,07","-,28","3,85","1,04"
ET.A3DT.01,Other,Tumour,"9,49","13,10","2,79","2,39","-1,08",",87",",03",",35","-,01","-1,16",",04",",84","-2,87","1,13"
ET.A3BW.01,Other,Tumour,"7,65","14,39","1,76","-2,24","-2,86","1,43",",41","-,80","-1,39","-,92",",88",",74","-2,87",",57"
ET.A25I.01,Other,Tumour,"15,01","15,02","-1,03","3,95","-2,37","1,70",",03","-1,86","-2,61","-,86","1,58","-,79","4,24","-1,97"
L6.A4ET.01,Other,Tumour,"5,52","14,41",",02","-,24","-4,56","1,10","-,79","-2,37","-,31","-1,91","-,42","-,72","-2,87","2,93"
EL.A3GZ.01,Classical,Tumour,"8,20","12,13","2,22","1,27","-2,71","2,29",",28",",20","-1,12","-1,19",",10",",11","-2,11","2,00"
EM.A3AI.01,Other,Tumour,"15,52","15,95","-,18","2,20","-1,22",",28","-1,47","-4,94","-2,20","-1,72","4,39","-2,09","2,44","-1,15"
FY.A76V.01,Other,Tumour,"12,76","15,09","2,44",",05","-2,08","1,71",",05","-1,49","-1,13","-1,09","-,44",",89","1,83",",09"
FE.A239.01,Other,Tumour,"12,79","16,10","-1,34","10,75","-3,94","-,54","-1,11","-2,22","-1,80","-1,68","5,01","-,34",",93","-,73"
EM.A3FM.01,Other,Tumour,"6,89","11,06","3,36","-1,46","-,64","1,77",",44",",11","-1,39","-2,28","-2,22","-,50","-1,38","1,62"
EM.A4FV.01,Other,Tumour,"12,04","15,10",",48","3,96","-,93","1,58","-,31","-,38",",39","-1,12",",27","-,15",",47","1,71"
DJ.A2PX.01,Other,Tumour,"9,43","14,89","1,83","-,44","-1,22","1,35","-,55","-,31","-,36","-,76",",53","-,40","-2,48",",00"
EL.A3CW.01,Other,Tumour,"13,38","15,07","1,31","3,22","-,92",",18","-,61","-,82","-,25","-,21","3,07","-,04","1,20","1,62"
FY.A4B4.01,Other,Tumour,"9,08","14,01","2,92",",47",",02","2,30","-,31",",24","-,60","-1,46","-,25","-,29","-1,79","1,32"
J8.A3YH.01,Other,Tumour,"7,09","13,99","2,29",",02","-2,44","1,33",",07","-,34","-1,47","-1,31","-,60","-,82","-1,05","1,82"
DJ.A3V2.01,Other,Tumour,"8,56","14,45","1,97","-1,87","-1,05","1,24","-,27","-,08",",05","-1,64",",50","-1,00","-2,20","3,17"
E8.A44M.01,Other,Tumour,"11,56","14,16","2,50","5,65","-,45",",57","-,46","-,18",",05","-1,19",",77","-1,08",",10",",71"
FK.A3SE.01,Other,Tumour,"10,87","14,17","3,43","4,92","-1,71","1,03","-,79","1,52",",60","-,63","2,63",",57","-1,05","2,37"
ET.A39L.01,Other,Tumour,"12,05","15,48",",32","-,92","-2,28","1,42",",15","-2,65","-,16","-,68","-,23",",83","-,33","1,73"
DE.A3KN.01,Other,Tumour,"8,74","14,14","3,16","1,95",",14","2,19","-,49","-1,07","-2,97","-,65","-3,07",",31",",11",",56"
BJ.A45D.01,Other,Tumour,"14,58","15,34","-,85","2,95","-1,85","2,19","-,84","-1,41","-2,18","-1,95","-1,01","-1,93","3,39",",49"
ET.A2N5.01,Follicular,Tumour,"14,88","16,44","-,02","-1,07","-5,07","1,58","-,43","-4,02","-2,39","-1,33","1,19","-,70","2,36","-2,13"
BJ.A45K.01,Other,Tumour,"13,51","15,34",",53","3,18","-2,83","1,84","-1,32","-4,26",",40","-1,01","2,66","-,16",",49","1,23"
EM.A1YB.01,Other,Tumour,"13,22","12,56","-1,53","1,06","-3,19",",01","1,55","-1,86","-3,55","-2,09","-,91","-1,11","5,25","-5,45"
EM.A4FF.01,Other,Tumour,"6,08","13,50","2,34","2,94","-1,46","1,76","-,15",",64","-1,18","-,82","-1,95","-,86","-1,02","1,30"
DJ.A3V0.01,Other,Tumour,"8,48","13,94","1,65",",03","-1,09","1,05","-,12","-,09","-,97","-1,36",",21","-,70","-1,77","1,35"
DJ.A2Q7.01,Other,Tumour,"8,66","15,11","1,46","-,32","-1,68","1,63","-,09","-1,14",",67","-1,72",",53","-,42","-2,54","1,86"
EM.A22Q.01,Other,Tumour,"14,91","15,46",",30","1,86","-2,54","2,61","-1,07","-5,99","-1,65","-3,22",",45","-2,24","4,33","-,56"
DJ.A2PW.01,Other,Tumour,"7,49","11,86","4,41","-,52","-2,78","2,31","-,41",",21","1,02","-1,17","-1,83","-,66","-2,14","1,73"
EM.A3FK.01,Other,Tumour,"7,72","13,53","4,26","-1,28","-3,48","3,04","-,56","1,27","-1,51","-1,21","1,08",",94","-2,47","1,72"
FY.A3NM.01,Other,Tumour,"16,22","16,48",",46","6,06","-4,23",",32","-1,03","-4,43","-1,74","-2,13","5,50",",43","2,30",",70"
EM.A3AQ.01,Other,Tumour,"9,89","13,70","3,41","-,73","-,74","1,96","-,57","-,48","-1,73","-1,52","-2,68","-1,00","1,01","-,44"
EM.A3SU.01,Other,Tumour,"7,39","12,45","2,31","-1,66","-,28",",51","-,24",",41","-1,42","-1,70","-2,09","-1,45","-,69","1,30"
ET.A25J.01,Other,Tumour,"9,86","14,38",",43","-1,86","-1,47","1,28","1,30","-,92","-2,23","-1,65","-2,09",",25",",29",",48"
FE.A3PC.01,Other,Tumour,"7,75","13,88","1,71","-2,24","-1,19","1,65","-,87","-1,67","-1,12","-1,78","-1,46","-1,04","-,85","2,31"
EL.A4KI.01,Other,Tumour,"12,79","14,44","-,35",",05","-1,96",",73","-2,13","-,63","-4,76","-2,11","-1,86","-2,30","1,61",",63"
EL.A3D6.01,Other,Tumour,"8,56","11,97","3,06","-,34","-,24","1,54",",06",",26","-1,40","-,58","-,41","-,22","-2,39",",72"
CE.A3ME.01,Other,Tumour,"5,32","14,22","1,66","-1,45","-2,57","1,35",",93",",01","-1,21","-1,96","-1,73",",05","-1,37","2,18"
H2.A422.01,Other,Tumour,"7,67","14,40","2,27","-1,82","-3,19","1,87",",19",",80","-,77","-,74",",12","1,11","-2,45","1,64"
EL.A3CY.01,Other,Tumour,"10,59","13,41","2,13","3,35",",45",",74",",34",",63","1,21","-,11","1,50",",46","-1,12","1,74"
FY.A4B0.01,Other,Tumour,"15,80","14,88",",49","1,12","-2,30",",39",",04","-2,62","-1,20","-2,49","2,76","-,40","5,31",",85"
EM.A3FR.01,Other,Tumour,"14,70","14,28","2,86","2,35","-3,54","1,11","-2,63","-1,87","-,09","-1,37","3,46","-1,66",",89","1,20"
EM.A4FR.01,Other,Tumour,"12,22","15,29","-1,02","5,40","-1,32","1,63","-1,27","-3,00","-1,86","-1,31",",05","-1,61","2,65","-,55"
EL.A4JX.01,Other,Tumour,"6,80","11,66","3,12",",96",",09","1,80","-,34",",65","-,45","-1,40","-1,26",",15","-2,87","1,97"
EL.A3H1.01,Classical,Tumour,"14,62","15,02","1,43",",47","-2,98","2,10","-1,81","-2,54","-,41","-,64","2,59","-,66",",57","1,83"
DJ.A4UP.01,Other,Tumour,"11,55","14,65","3,12","5,66","-1,48","1,36","-,72","-,91","-,21","-1,03","1,53","-,40",",48",",34"
DJ.A3UM.01,Other,Tumour,"8,53","14,92","1,99",",53","-1,98","1,94",",26",",07","-,44","-1,49",",59","1,34","-1,79","2,83"
E3.A3E5.01,Other,Tumour,"7,45","14,32","2,45","-1,14","-2,59","1,37","-,35","-1,76","-,09","-1,25","-1,12","-,77","-1,32","1,09"
KS.A4IC.01,Other,Tumour,"8,70","13,77","1,78",",98","-3,36","1,25",",03",",16","-,79","-1,40","-,49","-1,15","-1,06","1,69"
E8.A2JQ.01,Classical,Tumour,"9,17","11,92","1,65",",82","-,50","1,51","-,47",",75","-,71","-1,03","-,43","-,40","-1,88","2,16"
DJ.A2Q9.01,Other,Tumour,"10,82","12,92","2,21","3,40",",42","1,63","-,55","-,65",",78",",64",",95","1,12","-1,44","1,12"
DJ.A4UR.01,Other,Tumour,"14,17","15,77","-1,01","-1,54","-2,52","1,13","-,58","-3,26","-2,04","-1,08",",96","-1,40","2,61","-,41"
EM.A2CP.01,Other,Tumour,"15,19","15,29",",78","-,85","-,88","-,62",",00",",24","-,22","-,31","3,59","-,59","4,33","1,30"
E8.A44K.01,Other,Tumour,"7,80","12,85","2,78","1,17","-,88","1,94","-,41","1,07","-1,49","-1,15","-2,42","-,44","-1,15","1,28"
DJ.A2PQ.01,Other,Tumour,"7,60","15,14","1,35","-1,17","-2,40","1,01",",00","-1,80","-1,01","-,96","-1,41","-,52","-2,23",",89"
BJ.A0Z5.01,Other,Tumour,"9,07","14,05","-,32","-2,24","-1,75","1,64",",40","-,37","-,99","-1,61","-1,57","-,76","-1,22","-,07"
BJ.A192.01,Other,Tumour,"14,91","15,20",",59","1,21",",70",",30","-,88","-,64","-2,20","-1,60","1,44","-1,43","3,65","-,01"
ET.A2MY.01,Other,Tumour,"8,42","14,33","3,55","-1,44","-,36","1,92",",19","-1,12","-2,31","-1,60","-1,08","-,11","-,24",",73"
FY.A3I4.01,Other,Tumour,"13,04","14,33","3,18","7,02","-,31","2,33","-,12",",50","-,05","-1,02","1,88",",80",",44","1,50"
EM.A2P2.01,Other,Tumour,"6,52","12,78",",15","-1,33","-3,68","2,62",",22","-,78","-1,23","-,22","-1,80","-,37","1,79","-1,21"
DJ.A2PU.01,Other,Tumour,"9,10","14,80","2,44","-1,53","-1,37","1,03",",23","-,80","-,66","-1,82","1,71","1,18","-1,90","1,38"
BJ.A0ZF.01,Other,Tumour,"11,57","15,30",",49","1,39","-1,72",",58","-1,33","-2,88","-1,14","-1,85","2,96","-1,72","1,37",",81"
DJ.A3UZ.01,Other,Tumour,"12,12","15,06","2,82","5,07","-2,40",",94","-,35","-,58","-,06","-1,25","2,26",",50","1,31","1,08"
FY.A2QD.01,Other,Tumour,"14,62","15,67","-2,56","2,73","-5,66",",75","-3,83","-3,61","-,59","-1,10","3,92","-,71","1,63",",68"
EM.A22P.01,Other,Tumour,"9,34","14,98",",97","1,00","-,23","1,59","-,22","-,55",",01","-,66",",31",",04","-2,87","1,36"
EM.A1CT.01,Classical,Tumour,"7,24","14,70","1,02","-1,53","-1,13","1,27",",70",",38","-,50","-1,55",",40",",56","-1,67",",33"
ET.A39J.01,Other,Tumour,"8,91","13,70","2,58","-,82","-2,15","2,06","-,15",",37","-1,37","-1,17",",93",",24","-1,64","2,70"
EL.A3GW.01,Other,Tumour,"10,65","14,16","2,01","-,30","-3,89","2,00",",54","-2,05","-,67","-1,23","-,86","-,77",",16","-1,38"
EL.A3ZK.01,Classical,Tumour,"9,51","13,49","3,27","-,96","-1,86","1,78","-,09","1,10","-,58","-2,37","-1,43",",66","-,67","1,13"
ET.A3BN.01,Other,Tumour,"8,62","13,81","4,08","3,93","-3,44","2,81","-,27","2,11","-2,36","-,87","-,24","1,98","-1,85",",79"
FY.A3R7.01,Other,Tumour,"13,10","15,22","1,39","2,71","-1,82","1,40","-,19","-,76",",29","-1,12","2,78","1,15","1,26","1,47"
DJ.A1QD.01,Other,Tumour,"7,56","13,30","2,90","-1,02","-2,17","2,09",",37",",89","-,97","-1,38","-1,09","1,40","-2,02","1,78"
EM.A2OW.01,Other,Tumour,"15,21","16,25",",48","9,43","-3,59",",45","-,94","-4,18","-2,71","-1,79","3,61","-,01","4,95",",56"
KS.A4I3.01,Other,Tumour,"8,20","14,16",",95","-,55","-2,53","1,18",",69","-,18","-2,47","-1,14","-,65","-,31","-,68",",34"
DJ.A3V3.01,Other,Tumour,"9,51","14,68","1,09",",74","-1,25","1,55","-,65","-,98",",48","-1,25","1,26","-1,16","-1,38","2,03"
DJ.A3VK.01,Other,Tumour,"12,46","15,33","-,34",",20","-2,14","1,21","-,57","-2,33","-2,23","-1,85","-,49","-1,32","2,88","-,89"
ET.A25N.01,Other,Tumour,"10,49","14,25","3,63","3,18","-3,16","2,29","-,11","1,88","-,02",",26",",11","1,51","-2,87","2,29"
ET.A2N3.01,Other,Tumour,"12,69","14,64","-,95","1,80","-3,13","1,14","-2,92","-4,30",",81","-,57","2,95","-1,37","2,32","-3,22"
EL.A3CU.01,Other,Tumour,"7,47","13,22","2,47",",36","-,67","1,52",",14",",43","-1,18","-,44",",00",",95","-2,87","1,12"
EM.A2P3.01,Other,Tumour,"8,32","13,60","2,51","-,18","-1,46","1,31",",33",",35","-,69","-,52",",06",",88","-1,22","2,02"
BJ.A28X.01,Classical,Tumour,"9,34","13,10","2,42","1,82",",15","1,21",",27",",35",",01","-,48",",11",",28","-,57","1,74"
EM.A2CR.01,Other,Tumour,"12,82","16,37","-1,93","-,11","-1,53","2,64","-1,33","-1,67","-2,15","-2,41","1,24","-,85",",74",",01"
DE.A0XZ.01,Other,Tumour,"3,93","14,04","2,42","-1,41","-,79","1,85","-,27","-1,03",",10","-1,36","-1,85",",22","-1,75","2,13"
ET.A3DP.01,Classical,Tumour,"9,94","14,07","2,75","-1,12","-1,82","1,74",",62","-,33","-,34","-1,01",",14","2,10","-1,75","1,73"
EM.A2CL.01,Other,Tumour,"15,34","16,50",",15","-1,36","-2,87","1,54","-1,42","-3,76","-,75","-,69","4,27",",37","2,24","-4,49"
EL.A3ZQ.01,Classical,Tumour,"5,31","13,00","1,71","-,69","-1,84","2,39","-1,67","-1,10","-3,56","-2,22","-2,88","-1,72","-,40","3,90"
EM.A22K.01,Other,Tumour,"13,38","16,54","-1,19",",66","-2,67","1,81","-,32","-2,30","-1,34","-,87","1,55","-,06","1,78","-,68"
DE.A4M9.01,Other,Tumour,"13,23","15,16",",46","-2,24","-3,16",",62","-,92","-3,71","-,98","-1,38","2,23","-,82",",69",",96"
EL.A4KD.01,Other,Tumour,"13,14","14,63","1,74","4,93","-,04","1,35","-,60","-1,21","-1,03","-,91","1,73","-,07",",51","-,59"
EL.A3T1.01,Classical,Tumour,"3,05","11,95","2,63","-1,01","-,97","1,98",",24",",65","-,82","-2,25","-2,56","1,10","-2,53","1,42"
MK.A84Z.01,Other,Tumour,"13,80","15,68",",89",",38","-3,52","1,64","-,56","-2,41","-3,29","-,99","-,05","-,85","1,88","-3,19"
FE.A238.01,Other,Tumour,"9,57","14,95",",47","-1,86","-2,23","1,49",",75",",27","-1,46","-1,96","-,83",",62","-1,23","3,10"
EM.A4FH.01,Other,Tumour,"15,20","15,80",",23",",27","-3,53","-,05","-1,90","-4,86","-1,61","-,37","4,49","-1,67","3,03",",80"
MK.A4N7.01,Other,Tumour,"3,15","13,04","3,27","-2,24","-2,38","1,31",",13","-1,51","1,71","-1,23","-1,24",",52","-2,87","2,60"
EM.A4G1.01,Other,Tumour,"12,22","13,76","2,60","-1,68","-2,60",",21",",17","-,39","-2,51","-,72","-,53","-,62","1,25","-,79"
BJ.A0YZ.01,Other,Tumour,"12,12","15,31","-,04","-1,07","-2,48","1,33","-,94","-3,40","-1,56","-1,39","1,32",",21","1,17","-,06"
DJ.A3UR.01,Other,Tumour,"8,49","15,02",",57","-,52","-2,57","1,00",",04","-2,73",",59","-2,72",",38","-,13","-2,14","1,81"
J8.A42S.01,Other,Tumour,"10,84","14,43","1,58","1,99","-1,38",",77","-,14","-1,00",",05","-1,38","2,16",",10","-,61","1,82"
ET.A2N0.01,Other,Tumour,"9,85","13,81",",95","4,14","-2,30","1,18","-,58",",88","-2,11","-1,84","-1,01","-1,47",",59","1,70"
FY.A3NN.01,Other,Tumour,"9,65","15,14","-,84","-2,24","-2,20","1,31",",42",",18","-,92","-1,27","-,66",",53","-1,18",",89"
GE.A2C6.01,Classical,Tumour,"6,13","13,58","2,92","-,82","-,75","1,66",",43","-,82","-,35","-1,23","-,24",",96","-2,45","1,60"
DJ.A1QI.01,Other,Tumour,"4,29","13,82","3,10","-1,07","-1,96","1,94","-,20","-,45","1,99","-,75","-1,29","1,30","-2,87","2,22"
FY.A40M.01,Other,Tumour,"6,54","8,75","-,48","-1,55","-3,15","1,41",",50","1,38","-1,75","-1,08",",57","-,32","-,15","2,66"
DJ.A2Q0.01,Other,Tumour,"12,75","6,27","-,28","-2,24","-3,36","-,05","1,90","-2,08","-4,27","-,63","1,29","-,42","4,12","-2,99"
EM.A2OY.01,Other,Tumour,"14,31","14,92",",38","-2,24","-3,77","-1,66",",46","-4,16","-3,67","-,53","3,48","-1,06","5,81","-5,20"
BJ.A0Z9.01,Other,Tumour,"-,87","12,57","4,67","-1,25","-1,51","3,89","-,63",",58","-,93","-,71","-3,55",",03","-2,87",",52"
EM.A1CV.01,Classical,Tumour,"4,52","15,20",",56","-2,24","-,89","1,73","-,07","-1,34","-,52","-,83","-1,91","1,06","4,91","-,39"
BJ.A28T.01,Other,Tumour,"14,39","14,43",",85","10,78",",03",",30","-,08","-,38",",26","-,30","2,49",",07","1,81","2,29"
ET.A40Q.01,Other,Tumour,"4,88","13,02","1,80","-,61","-,21",",76","-,23","-,67","-,71","-1,69","-2,44","-,69","-2,53","1,43"
EM.A22L.01,Other,Tumour,"14,29","16,92",",46","6,38","-3,97","2,40","-,62","-2,21","-3,81","-,68","1,30",",53","1,75","-2,65"
EM.A4FN.01,Other,Tumour,"7,31","13,50","1,08","-1,07","-,69","1,40","-,39","-,45","-,89","-1,25","-3,21","-1,72","-1,99","1,51"
EL.A3MZ.01,Other,Tumour,"8,24","12,55","1,30","-,14","-1,21","2,13",",27","-,43","-1,59","-1,80","-,41",",62","-2,14","1,17"
FY.A3W9.01,Other,Tumour,"15,46","15,70",",87","4,99","-4,96","1,69","-,26","-2,55","-1,26","-1,75","1,43","-,42","2,40","1,31"
DJ.A3VL.01,Other,Tumour,"14,72","15,21","1,39","-,17","-,92",",92","-,65","-1,08","-1,17","-1,75","-,39","-2,50","3,76",",13"
EL.A3ZL.01,Classical,Tumour,"6,98","13,12",",81","-2,24","-1,73","1,13","-,88","-1,98","-,32","-,86","-1,40","-,55","-2,17",",96"
EL.A3MX.01,Classical,Tumour,"9,19","8,82","2,42","-1,80","-2,74","1,44",",10","-1,13","-1,70","-1,96","1,08","-1,13","1,02","2,78"
DJ.A2PT.01,Other,Tumour,"6,99","12,64","3,05","-,06","-,46","1,74","-,46",",13","-,44","-1,30","-2,13","-,56","-2,03","1,40"
ET.A39P.01,Other,Tumour,"8,76","14,60",",37","-,80","-2,06","1,28",",00",",44","-2,82","-2,17","-1,01",",28","-1,85","-,11"
EL.A3MW.01,Other,Tumour,"5,34","14,21","2,63","-,82","-2,02","1,23",",06","-,91",",10","-1,04",",19","-,50","-1,28","2,28"
KS.A4ID.01,Other,Tumour,"13,15","14,72","2,42","3,94","-,78","1,43","-,47",",65","-,80","-1,63","-,06","-1,82","1,29","1,39"
FE.A233.01,Other,Tumour,"10,05","14,41","1,98","-1,61","-3,02","2,28",",89","1,68","-,96","-,73","-,96","1,78","-1,68",",66"
E8.A413.01,Other,Tumour,"10,53","11,85","3,06","4,67","-,48","1,41",",26",",09","-,26","-,44","1,63",",04","-,10","1,22"
EL.A3ZN.01,Other,Tumour,"10,20","14,08",",20",",63","-1,38",",86","-1,19","-2,76","-,75","-,94","-,04","-,57","1,62","-,57"
FK.A3SB.01,Other,Tumour,"8,59","15,24","2,00","-1,11","-2,27","1,60",",21","-,09","-1,54","-1,75",",34",",80","-1,39","3,53"
EL.A3CN.01,Other,Tumour,"7,67","12,50","3,10",",32","-1,14","2,07",",16","1,28","-1,18","-1,09","-1,86",",07","-2,87","1,35"
EM.A2CO.01,Other,Tumour,"14,90","14,99","-,07","-2,24","-2,63","-,63","-,11","-2,11","-3,82",",00","2,42","-,25","5,67","-2,86"
DJ.A4UT.01,Other,Tumour,"8,77","13,00","2,91","2,20","-,50","2,37","-,25",",58","-,86","-,37","-,01","-,25","-1,14","1,24"
EM.A3AO.01,Other,Tumour,"8,74","13,23","2,49","5,91","-1,68","1,83","-,50","-2,61","-1,38","-1,81","-1,52","-,35",",12","1,57"
BJ.A191.01,Other,Tumour,"9,48","10,70","-1,39",",29","-3,21",",72","1,31","1,22","-,99","-,58","1,86",",33","-,44","3,57"
EM.A4FO.01,Other,Tumour,"12,33","14,71",",82","4,92","-1,28","1,27","-,24","-,50","-,18","-,68","1,03","-1,20","1,86","1,70"
ET.A3DQ.01,Other,Tumour,"11,06","14,10","2,61","2,67","-,58","1,82","-,28","-1,42","-,22","-,41","1,43","1,76","1,74",",78"
EL.A3H5.01,Other,Tumour,"4,69","12,09","2,34","-1,58",",46","1,24",",00","-,18","-1,46",",53","-,46",",16","-2,87","2,14"
DE.A4MB.01,Other,Tumour,"4,10","13,57","1,39","1,69","1,26","1,48",",08","-,15","-1,16","-1,81","-1,02",",51","-1,00","1,73"
EL.A3TB.01,Classical,Tumour,"10,17","14,48","2,62","-1,52","-2,41",",79","-,66","-,98","-,73","-1,62","2,87","-,79","-,30","1,02"
DJ.A1QM.01,Other,Tumour,"15,67","16,50","1,59","10,28","-,78","1,18","-,07","-1,57","-,65","-,36","3,83",",61","2,23","1,61"
EL.A3T2.01,Classical,Tumour,"14,08","16,75","1,45","-1,84","-3,04","1,24","-,06","-1,39","-1,02","-,16","1,61","1,06","1,71","-1,17"
DJ.A3V9.01,Other,Tumour,"11,87","14,24","1,97","4,54","-1,77","1,33",",05",",32","-,10","-,83",",44",",46","-1,06","2,04"
J8.A4HY.01,Other,Tumour,"13,28","14,81",",60","3,58","-2,11","1,13","-,45","-,97","-1,65","-1,96",",33","-1,52","3,37",",85"
ET.A3DV.01,Other,Tumour,"14,60","14,70","3,31","-1,36","-5,03","1,27","-1,83","-3,86","-,48","-,60","3,03","-1,62","2,13","1,59"
BJ.A4O9.01,Other,Tumour,"6,70","14,57","-2,64","-1,60","-5,60",",47","1,33","-,75","-1,70","-,84",",11","-,52","-1,60",",89"
BJ.A18Z.01,Other,Tumour,"8,36","13,52","2,42","-,79","-,19","2,20","-,06","-,50","-,73","-,65",",17",",27","-2,21",",35"
E3.A3DY.01,Other,Tumour,"5,70","14,48","2,10","-2,24","-1,08","1,26",",32","-,31",",32","-1,62","-,71",",61","-1,73","1,48"
EL.A3T7.01,Classical,Tumour,"6,46","12,82","4,16","-1,92","-2,69","1,70","-,29",",82","1,11","-1,29","-2,36",",51","-2,87","4,33"
FY.A3R8.01,Other,Tumour,"6,48","13,20","2,52","-1,32","-,10","1,84",",01","-,04","-1,12","-1,05","-2,22","-,02","-1,73","1,41"
EM.A3AP.01,Other,Tumour,"13,65","16,66","-1,36","2,26","-2,45","2,56","-1,21","-1,46","-,71","-,60","3,52",",41","-,72","-5,26"
EM.A3FQ.01,Other,Tumour,"12,65","13,79","3,45","7,10","1,69","1,26","-,78","-,92","-,18","-,52","1,60","-,67",",12","1,17"
IM.A3EB.01,Other,Tumour,"11,26","12,57","3,08","-,37","-1,01","2,42","-,28","1,70","-1,55","-1,45","-,28",",00","-2,20","1,84"
KS.A4I5.01,Other,Tumour,"8,05","13,69","2,36","-1,31","-2,88","2,16","-,42","-,57","-1,23","-1,43",",14","-,43","-2,87","2,99"
CE.A3MD.01,Other,Tumour,"11,06","14,09","2,37",",92","-2,66","1,77","-,75","-2,08","-1,44","-1,11","-,97","-,79","1,79","-,33"
ET.A3BU.01,Other,Tumour,"10,94","14,61","3,09","-,08","-2,70","2,06","-,31",",80","-,54","-1,28","1,74","1,13","-2,16",",94"
ET.A3BP.01,Other,Tumour,"5,57","14,90","-,36","-1,80","-2,14","1,72",",11","-1,90","-,76","-,48","-1,76","-1,00","-2,42","1,43"
EM.A3OA.01,Other,Tumour,"14,44","15,34","1,04","-2,24","-4,62",",40",",66","-3,94","-5,07","-,26","1,72","-1,84","3,18",",85"
E3.A3DZ.01,Other,Tumour,"14,59","16,32","-,27","4,15","-2,23","1,59","-,67","-3,27","-1,01","-,23","2,80","-,79","2,55",",50"
MK.A4N9.01,Other,Tumour,"3,53","14,14","3,16","-1,73","-1,92","1,40","-,31","-1,47","-,20","-1,04","-2,28",",09","-1,98","2,69"
ET.A40S.01,Other,Tumour,"9,56","12,67","2,38","3,21","-,55","1,69",",34","1,05","-,51","-,83",",21","-,77",",21",",58"
ET.A3DR.01,Other,Tumour,"12,97","14,61","2,38","7,03","-2,97","1,12","-,97",",22",",34","-,45","3,03",",96","-2,28","1,62"
EL.A3CR.01,Other,Tumour,"9,10","13,55","1,22","1,82","2,06","1,47","-,40","-,12","-,39","-,27","-,84","-,75","-2,44","1,36"
DJ.A3VE.01,Other,Tumour,"6,80","13,78","4,17","-1,78","-2,24","2,08","-,54",",43",",28","-1,16","-,63",",42","-2,87","1,57"
BJ.A28S.01,Other,Tumour,"12,22","14,97","1,01","-1,72","-3,11","1,30","-,09","-1,97","-2,54","-2,00","-,59","-,52","3,57","-,31"
DE.A4M8.01,Other,Tumour,"11,36","14,38","2,92","2,27","-,72","1,16",",01","-,28",",05","-1,22",",24","-,83","-,71",",94"
EL.A3H4.01,Other,Tumour,"8,14","13,75","4,52","-2,24","-2,97","2,25",",71","1,82","-,67","-1,08",",53","1,65","-2,14","-,07"
BJ.A0Z2.01,Other,Tumour,"11,77","16,36","2,18","-1,68","-4,03","1,17","-,57","-,93","-1,28","-,73","2,12","-1,18","2,15",",87"
FY.A3TY.01,Classical,Tumour,"11,08","13,26","2,24","3,05",",18",",50","-,07","-,16",",10","-,31","2,36",",26","-1,29",",71"
FY.A3I5.01,Other,Tumour,"12,66","14,54",",19","6,59","-3,21","-,55","-1,98","-2,73",",56","-,46","3,57","-,91","2,20","-,89"
EL.A3T0.01,Classical,Tumour,"13,00","14,65","1,12","6,33","-1,98","1,49",",30","-,62","-1,23","-,58",",60",",69",",50","1,35"
FY.A3NP.01,Other,Tumour,"14,58","15,88",",67","3,73","-4,75","1,48","-,51","-2,62","-3,05","-1,17","1,50","-,08","2,87",",64"
EL.A3GU.01,Other,Tumour,"6,09","13,44","2,50","-,90","-,38","1,72","-,11",",47","-1,49","-,68",",98",",77","-2,40","1,76"
DJ.A2Q1.01,Other,Tumour,"7,00","9,32","3,49",",73","2,45","1,08","-1,19","-1,68","-,85","-1,17","-1,72","-,23","-,36","2,34"
EM.A3AR.01,Other,Tumour,"14,17","15,39","1,86","5,58","-1,99",",66","-1,09","-1,39","-,24","-,25","4,16",",00","-1,35",",63"
EM.A2CK.01,Other,Tumour,"14,79","16,35","1,11","-,38","-3,58","1,41","-,51","-4,12","-4,13","-,94","2,45","-,99","2,31",",73"
DJ.A3VA.01,Other,Tumour,"7,85","13,80","1,77","-2,24","-3,41","1,61","-,01",",72","-1,07","-,91","-,52",",49","-2,49",",90"
DJ.A2PP.01,Other,Tumour,"13,69","16,28",",35","-2,24","-4,35","1,20",",80","-1,04","-4,69","-,31","1,67","-,35","3,89",",48"
DJ.A3V6.01,Other,Tumour,"6,45","13,23","2,88","-1,38","-,66","2,02",",10",",20","-1,17","-1,08","-1,91",",18","-2,37","1,50"
J8.A3YF.01,Other,Tumour,"8,79","13,77","2,64","-,06","-1,51","2,06","-,39","-,81","-,36","-1,71","-2,21","-,47","-2,09","1,82"
EM.A3AN.01,Other,Tumour,"10,33","14,35","3,37","-1,36",",03","1,29","-,54","-1,14","-,18","-,83","1,13","-1,20","-1,05",",45"
J8.A3O1.01,Other,Tumour,"1,43","10,61","5,11","-1,88","-,43","1,89",",33","1,52","-,42","-1,06","-3,35","1,36","-2,87","1,85"
ET.A25M.01,Other,Tumour,"8,10","14,58","2,58","-2,24","-1,52","1,45",",78","-,42","-,97","-1,48","-,26","1,23","-,70","1,11"
EL.A3GV.01,Other,Tumour,"9,60","14,39","2,20","3,11","-2,08","1,68",",67",",12","-,31","-,93",",21","1,25","-2,12","1,22"
ET.A2MZ.01,Other,Tumour,"8,75","15,79",",52","-,96","-1,11","2,15",",41","-1,29","-,54","-1,26",",91",",53","-2,21","2,08"
EL.A3ZR.01,Classical,Tumour,"13,30","15,98","1,32",",90","-2,34","1,51","-,55","-2,09","-3,16","-1,91","-1,37","-1,84","2,60","-5,16"
DJ.A13M.01,Other,Tumour,"14,63","16,14",",39","-,57","-4,35","1,51","-,96","-2,99","-2,53","-1,54","-,29","-2,11","2,32","-1,21"
BJ.A3PT.01,Other,Tumour,"13,71","15,45",",83","5,57","-,67",",93","-,14","-2,52","-1,75","-1,09",",52","-2,01","3,12","1,29"
BJ.A45H.01,Other,Tumour,"12,79","15,53",",90","8,52","-1,09","1,58","-,47","-1,59","-,45","-1,14","1,53","-,39","-,05",",37"
BJ.A0ZB.01,Other,Tumour,"6,43","13,97","1,81","-1,87","-,72","1,60","-,18","-2,06","-,77","-1,72","-,38",",61","-1,00","1,47"
ET.A40R.01,Other,Tumour,"13,00","15,40",",90","6,73","-1,06",",90","-,96","-1,69","-1,01","-1,66","1,03","-1,75",",43",",49"
BJ.A3F0.01,Other,Tumour,"16,42","15,43",",21","13,08","-2,10","1,14",",00","-3,51","-2,71","-1,32","2,81","-1,65","3,35",",61"
FY.A3R6.01,Other,Tumour,"12,56","14,72","2,98","3,23",",29","1,63","-,60",",20","-,47","-,54","1,25",",20",",93",",43"
EM.A3SY.01,Other,Tumour,"13,43","11,77","-,35","-1,75","-3,41","-1,39","-,86","-2,16","-2,74","-1,13","-2,49","-,91","3,48","-,27"
FY.A40K.01,Other,Tumour,"9,98","14,31","1,76","1,90","-1,31",",68",",21",",21",",30","-1,19","-,09",",08","-2,87","2,01"
DJ.A4V0.01,Other,Tumour,"13,28","15,77","1,02","9,19","-,32","1,05","-,76","-,52","-,14","-,70","2,86","-,07","1,56","1,58"
E8.A434.01,Other,Tumour,"12,87","14,72","1,63","6,51","-1,44","1,22","-,28","-,82","-,74","-1,24","2,71","-,89","1,50","1,72"
EL.A3ZG.01,Classical,Tumour,"8,85","14,81","-1,42","2,21","-2,73",",20",",26","-2,28","-3,25","-1,43","-1,63","-,63","-1,52","1,91"
EM.A2CQ.01,Other,Tumour,"13,37","16,14","1,62","3,08","-2,79",",99",",84","-1,00","-4,02","-1,10","1,97",",60","3,00","1,00"
FK.A3S3.01,Other,Tumour,"7,84","14,33","1,72","-,83","-1,98","1,91","-,38","-2,76","-1,79","-1,67","1,02",",00",",01","-1,20"
DJ.A3US.01,Other,Tumour,"13,19","16,02","1,13","1,48","-1,08","1,28","-,73","-,80","-,65","-1,03","3,65","-,28",",39","1,67"
E8.A414.01,Other,Tumour,"11,06","13,70","2,68","6,72","-,61","1,66",",15",",57","-,52","-,60","1,84",",94","-,71","1,78"
E8.A415.01,Other,Tumour,"12,25","14,59","1,29","3,96","-1,62","1,03","-,12",",87","-,21","-1,22","1,48",",08","-,12","1,18"
BJ.A2N8.01,Follicular,Tumour,"10,39","14,32","1,41","1,03","-1,55","1,38","-,41","-1,46","-,64","-1,17","-,09","-,79","1,30","-,07"
DJ.A3UY.01,Other,Tumour,"12,10","14,64","2,47","4,96","-,70","1,38",",34",",08","-,51","-,74","1,82",",71","-,61","1,61"
E8.A418.01,Other,Tumour,"9,31","12,86","-,23","-1,41","-1,74","1,65","-,60",",83","-2,68","-1,60","-,93","-,53","-,83","-,37"
DE.A0Y2.01,Other,Tumour,"7,36","13,32","3,81","2,46","-1,93","2,96",",13",",88","-1,34","-,48","-1,40","1,87","-2,09",",19"
BJ.A0Z3.01,Other,Tumour,"8,50","14,56","2,11",",57","-1,56","1,15","-,15","-,59",",87","-,72",",17",",33","-2,53","2,78"
FY.A40L.01,Other,Tumour,"10,26","13,64","2,03","-1,84","-,97","1,56","-,11","-,24","-1,53","-1,12","-1,74","-,10","-1,16","1,54"
EL.A3CO.01,Other,Tumour,"14,13","14,48","1,79","8,16","1,40",",16",",06",",49",",35",",12","2,15",",39","1,38",",82"
EM.A4FU.01,Other,Tumour,"13,51","15,34","1,44","-,43","-2,55","1,92","-,70","-2,22","-3,61","-1,08","-,60","-1,79","3,15","-,11"
EM.A2CJ.01,Other,Tumour,"15,39","16,22","1,44","4,77","-3,23",",95","-2,73","-1,70","-2,01","-1,63","4,15","-1,98","2,25",",52"
EL.A4K6.01,Other,Tumour,"13,16","14,27",",45","-1,43","-3,60",",24","-1,63","-3,97","-4,22","-1,74","-2,45","-2,25","3,27","-,35"
CE.A482.01,Other,Tumour,"8,93","14,23","2,95","-,67","-1,14","1,99","-,98","-1,09","-,52","-1,23","-1,61",",38","-,22","-,12"
EL.A3H7.01,Classical,Tumour,"5,58","11,52","2,84","-,58","-1,55","2,42",",15",",76","-1,18","-,97","-,81",",23","-1,92","1,27"
BJ.A0ZJ.01,Other,Tumour,"12,63","15,46",",62","2,12","-,83",",69","-,45","-,87",",43","-,79","2,97","-1,31","-,26","1,78"
EL.A4JZ.01,Other,Tumour,"6,92","13,24","2,49","-,58",",44","1,53","-,22","-,99","-,22","-,74","-1,52","-,20","-1,58","-,01"
EM.A3SX.01,Other,Tumour,"9,07","15,31","1,09","-1,82","-2,50","1,22",",20","-1,93",",26","-1,81","-1,77",",48","-1,42","1,00"
BJ.A45I.01,Other,Tumour,"5,48","11,43","2,77","-1,75","-1,32","2,08",",04",",58","-,78","-1,25","-1,69","-,55","-2,38","2,05"
FE.A234.01,Other,Tumour,"6,17","12,55","1,87","-2,24","-1,33","2,02",",60","-,49","-1,46","-1,20","-,81",",05","-2,24","1,26"
DJ.A4UQ.01,Other,Tumour,"11,49","14,31","3,15","3,25","-,87","1,12","-,75","-,03","-,01","-1,14","1,85","-,16","-,38",",42"
DJ.A13S.01,Other,Tumour,"12,05","13,76","1,05","-2,24","-3,85","1,56",",03","-,78","-3,85","-,96","-,72","-,81","1,87","-,14"
EM.A2P1.01,Other,Tumour,"9,66","11,96","3,14","1,81","-,45","1,50",",25",",38","-,66","-1,00","-,30","-,23","-2,00","1,38"
EL.A3D5.01,Other,Tumour,"12,93","14,70","-,65","1,52","-3,85",",78","-1,80","-4,81","-1,25","-1,24","4,76","-,19","1,10","-4,14"
E8.A3X7.01,Other,Tumour,"7,53","13,97","2,54","-,68","-1,94","1,55","-,25","-,47","-1,85","-1,59","-,60","-,88","-1,88","1,66"
BJ.A28R.01,Tall_Cell,Tumour,"8,34","13,76","3,08","5,68","-2,14","2,31",",01",",07","-,95","-,34","-1,68",",08","-2,05","1,35"
BJ.A0ZE.01,Other,Tumour,"14,77","15,76","-,06","-1,47","-5,65","1,59","-1,50","-3,11","-3,74","-1,69","-,30","-1,66","3,53","-4,45"
ET.A4KN.01,Other,Tumour,"3,79","11,39","2,24","1,23","-,09","3,45","-1,46","-,04","-3,17","-2,08","-7,83","-1,58","-2,87","2,02"
EM.A3O7.01,Other,Tumour,"5,42","14,83","-,61","-2,24","-3,78",",89","-,29","-2,34",",44","-2,27",",84",",23","-2,87","2,12"
E3.A3E2.01,Other,Tumour,"9,05","14,07","1,23","2,37","-,81",",95","-,35","-1,09","-,18","-1,04","-,84","-,56","-2,41","1,75"
H2.A421.01,Other,Tumour,"8,80","12,94","2,11","3,37","-,72","1,18","-,25",",34","-,29","-1,33","-1,25","-,91","-1,17","2,34"
DE.A0Y3.01,Other,Tumour,"6,09","12,91","3,28","-1,43","-2,92","2,70",",39","1,02","-1,11","-1,68","-1,90","1,11","-1,77",",66"
EM.A1YA.01,Other,Tumour,"14,75","15,52","1,83","-1,51","-3,78","-,44","-1,25","-2,73","-,97",",09","2,26","-,34","4,37","1,46"
ET.A2N4.01,Other,Tumour,"4,00","15,08","1,03","-,17","-1,16","2,01","-,02","-1,28","-1,50","-2,47","-2,51","-,53","-2,43",",79"
IM.A41Z.01,Other,Tumour,"13,27","15,31","-1,58","-2,24","-1,96",",74","-,13","-,63","-2,29","-,53","-1,22","-1,33","2,59","-1,48"
EM.A1YD.01,Other,Tumour,"15,69","16,18",",24","5,13","-1,54",",60","-1,08","-2,90","-,78","-,66","5,45",",17",",72","-,81"
CE.A27D.01,Other,Tumour,"12,79","14,53","1,83","8,96","-,26","1,28","-,83","-1,00","-,62","-,77","2,52","-,80",",34","1,39"
EM.A3O6.01,Other,Tumour,"15,10","15,68",",32","4,04","-1,96","-,24","-1,98","-3,73","-2,02","-1,20","4,16","-1,76","4,60",",26"
DJ.A3UO.01,Other,Tumour,"8,47","12,47","4,00",",21","-2,70","2,21",",95","1,61","-2,22","-2,45",",84","-,93","-2,11","1,60"
ET.A40P.01,Other,Tumour,"11,52","14,90","-,23","1,42","-3,23","1,26","-,94","-1,68","-1,59","-,83","-1,22","-,90","3,06",",10"
ET.A25R.01,Other,Tumour,"5,26","13,01","2,78","-2,24","-,77","1,72",",19","-,08","-1,06","-1,97","-1,97",",51","-1,84",",32"
DJ.A3VI.01,Other,Tumour,"7,23","14,20","2,96","-1,29","-3,25","1,69","-,26","-,13","-1,30","-3,16","-1,74",",05","-2,87","1,67"
DJ.A3UQ.01,Other,Tumour,"9,64","12,85","2,44","3,88","-,14","1,25",",28","-,32","-,76","-,68",",31",",56","-1,86",",66"
DJ.A3VD.01,Other,Tumour,"11,18","12,67","2,88","4,82","1,07","1,76",",30","1,02",",20","-,72",",68",",61","-1,14","2,31"
DJ.A13L.01,Other,Tumour,"8,35","12,26","2,84","1,12",",77","1,50","-,28","-,09","-,64","-,70","-,78","-,40","-1,82","2,13"
BJ.A3PU.01,Classical,Tumour,"6,73","11,53","2,68","-1,08","-,69","1,76","-,44",",05","-1,58","-2,10","-2,02","-,83","-1,26","1,57"
FY.A3WA.01,Other,Tumour,"14,90","16,51","-1,09","-2,24","-2,78","1,15","-1,56","-2,52","-2,76","-1,24","4,56",",61","1,10","-3,05"
DJ.A1QH.01,Other,Tumour,"5,95","13,16","4,01",",08","-,58","1,60",",44",",30","-1,55","-1,80","-2,27",",34","-2,22","1,66"
DE.A4MC.01,Other,Tumour,"4,02","12,46","1,96","-1,01","-,91","1,87",",37",",43","-2,45","-2,29","-,75",",20","-1,44","1,62"
DJ.A3V7.01,Other,Tumour,"4,95","13,58","2,40","-2,24","-,66","1,27","-,20",",13","-1,30","-1,76","-1,66","-,74","-1,09","1,52"
BJ.A2P4.01,Other,Tumour,"13,65","16,37","-,14","-2,24","-,71","1,78","-,64","-2,85","-3,22","-1,55",",84","-1,96","3,75",",66"
DJ.A2PS.01,Other,Tumour,"10,93","14,79","1,45","3,18","-2,58","1,67",",13","-,78","-,39","-1,13","1,31",",50","-,98",",98"
ET.A25L.01,Other,Tumour,"7,82","12,62","2,11","-1,36","-,05","2,07",",44","-,11","-,86","-1,13","-1,54",",58","-2,87",",71"
E3.A3E1.01,Other,Tumour,"11,12","14,32","1,40","2,01","-1,02","1,74",",54","-,37","-,83","-1,32",",87","-,20","-,98","1,59"
L6.A4EU.01,Other,Tumour,"7,72","11,75","3,10","1,38","-,68","1,02","-,36","-1,95","-1,61","-1,44","-,14","-,50","-1,76","1,90"
E8.A417.01,Other,Tumour,"9,02","13,93",",78","-1,87","-1,63",",75",",18","-,40","-1,06","-2,13","1,00","-,37","-,59","-,69"
ET.A2MX.01,Classical,Tumour,"9,16","13,44","3,59","-1,40","-1,52","2,42","-1,06",",06","-3,73","-1,56","-2,69","-1,06","-,95","1,75"
DE.A4MA.01,Other,Tumour,"6,85","11,86","2,39","-1,08","-2,96","1,68","-,96",",12","-2,34","-2,13","-2,85","-1,01","-1,06","-,10"
EL.A3ZT.01,Classical,Tumour,"7,57","13,40","2,95",",80","-1,75","2,19","-,45",",19",",23","-,88","-,04","-,05","-2,87","1,82"
BJ.A4O8.01,Other,Tumour,"7,57","12,20","2,94",",74",",19","1,94",",07","-,58",",01","-1,00","-1,05",",05","-2,38","1,70"
J8.A3O0.01,Other,Tumour,"9,74","15,21",",36","-1,84","-2,06","2,13","-,50","-,63","-1,20","-,74","2,02","-1,21","2,01",",11"
DJ.A2PV.01,Other,Tumour,"9,69","14,62","3,06","2,64","-1,32","1,25",",37","-,20",",25","-,94",",53","2,03","-2,14","1,49"
EL.A3H8.01,Other,Tumour,"7,69","14,47","2,40","-1,76","-2,66","1,65",",51",",33","-,33","-1,19",",24","1,36","-2,03","1,02"
EM.A3FP.01,Other,Tumour,"14,71","14,91",",24","5,61","-2,59","2,48","-,72","-1,27","-1,77","-1,46","1,65","-2,16","3,89","-,87"
ET.A3BO.01,Other,Tumour,"3,87","11,97","3,20","-,38","-,48","1,49",",31",",02","-,51","-1,05","-,61",",65","-2,87","2,07"
EM.A2CS.01,Other,Tumour,"12,32","15,22","2,32","2,78","-2,68","1,51",",89","1,17","-1,13","-,81","1,04","1,71","-,11",",89"
ET.A25G.01,Other,Tumour,"9,06","12,18","3,54","-1,78","-1,14","2,94","-,07",",99","-,40","-1,45",",06",",81","-2,87",",90"
DJ.A3UK.01,Other,Tumour,"7,76","15,13","1,53","-1,82","-1,72","1,10","-,04","-,87",",64","-1,56",",24",",74","-2,12","1,23"
E8.A437.01,Other,Tumour,"11,35","14,39","1,62","1,38","-1,29","1,24","-,56","-1,04","-,47","-1,61",",91","-,88","-1,12","1,96"
ET.A3BT.01,Other,Tumour,"8,28","14,12","1,97","-2,24","-1,37",",91","-,05","-1,21","-,68","-1,20","-1,44","-,71","-2,19",",86"
ET.A3BQ.01,Other,Tumour,"10,23","14,74","2,07","-,58","-2,34","1,71",",39","-,02","-,51","-,93","1,85",",16","-2,24","2,02"
FY.A3YR.01,Other,Tumour,"5,18","13,27","2,19","-,34","-1,44","1,81","-,29","-,28","-,69","-,77","-1,91","-,30","-2,33","1,34"
KS.A4I9.01,Other,Tumour,"4,93","13,80","1,82","-1,02","-,56","1,85",",16","-2,33","-1,02","-1,40","-,99","-,83","-1,40","1,52"
DE.A7U5.01,Other,Tumour,"8,14","11,52","3,34","-1,11",",18","2,42","-,12",",57","-,47","-,74","-,94",",59","-2,87",",85"
EL.A3ZS.01,Classical,Tumour,"12,49","13,71","2,97","4,41","-,45",",56","-,78",",27",",42","-,65","1,38","-,08","-,45","1,83"
EM.A1CU.01,Other,Tumour,"10,02","13,36","2,80","-,95","-2,96","1,81","-,17",",40","-,35","-1,96","1,43",",60","-2,42","1,63"
EL.A3T3.01,Classical,Tumour,"7,63","13,37","2,94",",36","-1,16","2,06","-,61",",45","-,47","-1,90","-1,28","-,35","-2,87","2,16"
DJ.A1QF.01,Other,Tumour,"5,98","15,23",",67","-1,71","-1,64","1,79",",53","-,78","-1,09","-,56",",62","1,67","-2,87",",85"
DJ.A13R.01,Other,Tumour,"13,31","13,97","1,59","4,10","-1,10","-,17","-1,36","-,25","-1,29","-1,12","-,44","-1,55","4,27","2,35"
EL.A4K0.01,Other,Tumour,"7,62","13,11","5,11",",44","-,88","1,91",",19",",05",",94","-1,16","-1,20",",83","-2,43","1,79"
EL.A3GX.01,Other,Tumour,"6,10","12,62","1,89","-1,83","-,71","1,57",",05",",71","-,24","-1,04","-1,22",",22","-2,46","1,89"
EM.A2CU.01,Other,Tumour,"11,94","14,43","2,27","5,68","-2,07","2,31","-,74","-1,61","-1,36","-1,21","-,23","-,03",",11",",62"
DJ.A4UW.01,Other,Tumour,"11,75","13,80","2,66","6,07","-,35","1,21","-,04","-2,04","-,31","-,21",",98","-,09",",16","1,22"
DJ.A3UU.01,Other,Tumour,"11,82","14,91","2,07","4,83","-1,97",",90",",46","-,11",",13","-,88","1,41",",79","-,87","1,79"
E8.A433.01,Other,Tumour,"10,82","13,54","2,80","6,96","-1,50","1,63","-,68","-,56","-1,47","-1,28",",26","-1,06",",09","2,00"
QD.A8IV.01,Other,Tumour,"14,62","16,92",",56","3,15","-3,78","1,42","-,31","-2,80","-1,50","-,90","1,33","-,59","2,29",",10"
EM.A22O.01,Other,Tumour,"6,97","14,31","-,19","-1,26","-4,90",",72","1,03",",61","-1,93","-2,07","-2,09","-,62",",10","1,18"
BJ.A45F.01,Other,Tumour,"13,87","15,84","-1,37",",16","-2,37","1,49","-,39","-2,52","-2,61","-1,21","-,21","-,35","2,33","-3,23"
EM.A2OZ.01,Other,Tumour,"8,65","14,57",",70","-,06","-2,44","1,49","1,32",",17","-1,36","-1,01","-1,71",",69","-1,84","1,51"
DJ.A3UX.01,Other,Tumour,"13,21","14,97","1,43","7,47","-2,43",",75",",21",",26","-,05","-1,05","2,29",",57",",23","1,53"
ET.A3BV.01,Other,Tumour,"7,40","10,36","2,91","1,34","1,84","2,42","-,67",",79","-,53","-,48","1,40","1,35","-1,27",",92"
EL.A3N3.01,Classical,Tumour,"7,40","12,27","2,87","1,48","-1,50","2,32",",39",",76","-,81","-1,30","-1,84",",23","-1,99","1,91"
EM.A4FQ.01,Other,Tumour,"8,26","13,06","2,69","-,65","-,03","2,07",",38","-,12","-1,70","-2,81","-1,54","-,88","-1,86","1,32"
DJ.A4UL.01,Other,Tumour,"5,67","13,91","2,76","-2,24","-1,73",",94","-,44","-,79","-,48","-1,97","-,14","-1,28","-2,38","1,92"
CE.A484.01,Other,Tumour,"9,42","15,33",",85","-,53","-1,55","1,51","-1,26","-2,65","-2,82","-2,38","-1,10","-1,64","2,74","-,35"
DJ.A13W.01,Other,Tumour,"12,32","14,05","-2,14","-,23","-,54","2,23","-1,28","-4,98",",73","-,49","2,16","-1,25","5,41","3,26"
EL.A4JW.01,Other,Tumour,"10,79","14,11","2,22",",50","-2,28","3,19","-,12","1,04","-,84","-,22",",10",",77","-1,06","1,54"
BJ.A2N7.01,Follicular,Tumour,"14,09","15,71","1,33","2,46","-2,84",",98",",25","-1,48","-1,29","-1,09",",30","-,60","2,71","-1,62"
4C.A93U.01,Other,Tumour,"6,58","12,09","3,66","-2,24","1,60","1,79","-,10",",50","-1,78","-1,30","-1,76","1,57","-2,30",",62"
ET.A39R.01,Other,Tumour,"10,56","14,08","2,93",",44","-1,26","1,43",",08","-,02","-,46","-1,24",",97","-,58",",29","1,36"
DJ.A1QL.01,Other,Tumour,"13,96","14,63",",59","5,83","-2,67","1,85","-1,61","-3,54",",45","-,59","3,50","-1,34","1,41","1,51"
FK.A3SD.01,Other,Tumour,"16,33","16,16","-1,25","1,53","-3,14",",85","-2,83","-5,29","-,44","-2,46","3,67","-1,51","3,20",",52"
EL.A3CT.01,Other,Tumour,"10,04","12,76","4,18","2,82","-,22","1,95","1,31",",60","-1,12","-1,55","-1,37","1,17","-1,55","1,31"
EM.A3O3.01,Other,Tumour,"10,13","10,36","2,27","-,44",",39","1,77","-,41","-,79","-1,37","-1,74","-1,16","-,04","-2,87","1,17"
EM.A3OB.01,Other,Tumour,"11,96","14,92","2,51","-,37","-4,17","1,19","-,29","-2,64","-4,70","-1,27","-,35","-2,33","1,66","-3,33"
EL.A3D1.01,Other,Tumour,"11,30","13,27","1,10","4,51","-1,36","2,91","-,79","-,15","-3,01","-2,17","-1,50","-,72","-,69","-,18"
KS.A4I7.01,Other,Tumour,"6,56","13,95","2,30","-2,24","-1,76","1,84","-,28","-1,52","-1,10","-1,34","-1,52","-1,15","-2,17","1,63"
EM.A3FN.01,Other,Tumour,"15,27","15,06","-1,17","3,03","-3,43",",38","-2,40","-3,79","-2,17","-,39","3,19","-1,90","3,89","1,19"
CE.A13K.01,Other,Tumour,"6,82","13,74","2,80","2,28","-1,66","2,73","-,36","-1,64","-2,43","-1,29","-,65",",65","-1,30","-,59"
EL.A4K1.01,Other,Tumour,"8,16","13,08","1,38",",30","-1,78","1,56",",12","-1,01","-1,71","-,97","-1,47","-,98","-1,10","1,52"
FE.A3PD.01,Other,Tumour,"7,34","13,67","3,07","-,74","-,78","1,58","-,62","-1,93","-1,03","-1,39","-2,60","-1,61",",52",",27"
DJ.A3VM.01,Other,Tumour,"12,24","15,21","-1,14","-2,24","-3,64","1,83","-,06","-,63","-3,85","-,62","-,21",",13","2,17","-3,97"
ET.A4KQ.01,Other,Tumour,"14,27","16,11",",86","5,35","-2,66","1,51","-,28","-2,02","-2,23","-1,01","1,55","-,37","1,62","-,79"
EM.A3FO.01,Other,Tumour,"8,31","9,68","4,73","2,48","-4,11","3,10","-,32",",02","-1,73","-,81","-1,85","-,86","-2,87","1,89"
DJ.A1QO.01,Other,Tumour,"9,73","13,53","2,55","5,16",",23","2,55","-,33",",78","-,31","-2,09","1,10",",22","-1,19","1,77"
KS.A41F.01,Other,Tumour,"5,24","14,52","1,09","1,37","-1,68","2,65","-1,88","-1,37","-2,33","-1,26","-3,34",",12",",86","2,39"
DO.A2HM.01,Other,Tumour,"9,14","12,22","2,85","-,32","1,31","1,17",",02",",71",",23","-1,07","-,45",",31","-2,87","1,45"
EL.A3ZH.01,Classical,Tumour,"15,91","15,98","2,20","7,23","-2,46",",69","-1,05","-1,80","-,71","-1,80","2,67","-,12","1,50",",93"
KS.A4IB.01,Other,Tumour,"3,16","14,03","-,11",",33","-2,23","1,53","-,27","-,01","-3,21","-3,10","-3,28","-,96","-,98",",26"
FE.A235.01,Other,Tumour,"11,95","13,70","1,72","1,52","-2,65","1,26","-,60","-,63","-1,97","-1,06","-,90","-,47","-,25","4,47"
IM.A3ED.01,Other,Tumour,"10,85","14,65","3,20","-1,27","-1,72","1,75",",23",",81","-,69","-1,34","-,01","1,64","-2,87",",54"
DE.A69K.01,Other,Tumour,"8,75","13,57","4,33",",29","-,85","2,01",",08","-,79","-2,28","-1,07","-,97",",54","-1,73",",56"
EL.A3GY.01,Other,Tumour,"8,48","13,42","2,50","-1,92","-,67","1,63",",40",",44","-,40","-,74","-,56","1,01","-1,86","1,97"
ET.A3BS.01,Other,Tumour,"5,03","13,58","2,38","-1,54","-1,24",",78",",06","-,40","-,17","-1,47",",86","-,92","-2,87","2,97"
EM.A4FK.01,Other,Tumour,"14,67","16,41","-,22","-2,24","-4,55",",73",",52","-1,48","-4,56","-,38","1,18","-,43","3,35",",53"
EM.A3SZ.01,Other,Tumour,"7,59","12,49","3,20","-2,24","-1,36","2,08","-,16",",02","-1,19","-1,22","-1,82","-,47","-2,87","1,33"
DE.A69J.01,Other,Tumour,"6,74","12,21","2,87","-1,93","-1,24","2,00",",31",",15","-2,43","-1,40","-,41",",53","-2,29",",19"
E8.A416.01,Other,Tumour,"14,34","15,52","1,74","4,86","-2,10",",11","-1,05","-1,70",",93","-,38","3,76","-,27","1,97","1,91"
FE.A236.01,Other,Tumour,"6,23","15,51",",67","-1,59","-2,93","1,29","1,08",",83","-1,36","-,51","-1,27",",92","-1,77","1,57"
EL.A3T6.01,Classical,Tumour,"8,06","13,30","2,61","-,59",",28","2,22","-,06",",40","-,85","-1,78","-,79","-,02","-1,93","2,43"
DJ.A13T.01,Other,Tumour,"8,16","15,19","1,75","-1,87","-3,15","2,35",",19","-,26","-,56","-1,18","-,53","1,52","-2,87","1,55"
EM.A4FM.01,Other,Tumour,"4,71","11,77","2,71","-,61","-,94","1,35","-,54","-1,01","-1,76","-1,59","-1,23","-,19","-2,26","1,44"
KS.A41J.01,Classical,Tumour,"8,58","13,36","1,51","-1,46","-,65","1,26","-,43","-,77","-1,87","-1,43","-,72","-1,06","-,45",",94"
DJ.A2Q2.01,Other,Tumour,"12,72","14,67","2,64","11,02","-2,36",",29","-1,15",",17","-1,52","-,91","2,44",",67","1,60",",37"
BJ.A3EZ.01,Other,Tumour,"9,26","13,33","2,83","3,17","-,16","1,75","-,53",",29","-1,31","-,71","-1,15",",18","-2,51","1,46"
EL.A3MY.01,Classical,Tumour,"7,80","11,87","3,00","-,16",",34","2,77","-,33",",16","-,61","-,44","-,57",",36","-2,42","1,20"
BJ.A290.01,Classical,Tumour,"3,75","12,77",",72","-1,52","-1,42","1,48",",28",",31","-1,35","-1,08","-,38",",14","-1,16","2,18"
EL.A3N2.01,Classical,Tumour,"7,02","12,58","2,35","-1,26","-2,09","1,48",",28",",11","-1,88","-1,77","-,50","-,12","-1,47",",91"
DJ.A2PY.01,Other,Tumour,"5,99","12,57","2,62","-1,14","-,05","1,40",",64","-,13","-,97","-,60","-1,26","-,18","-2,87",",83"
FY.A3RA.01,Other,Tumour,"6,24","14,90","2,08","-1,81","-3,65","1,43",",67","1,43","-,77","-1,33","-2,52",",54","-2,87",",47"
EL.A4KG.01,Other,Tumour,"7,60","11,46","3,10","-1,33","-1,47","2,56","-,48",",59","-,94","-1,59","-1,47","-,55","-1,25","1,78"
BJ.A2NA.01,Tall_Cell,Tumour,"8,82","13,86","3,29",",55","-1,52","2,21",",19",",46","-,35","-1,75","-,09",",60","-1,34","1,46"
EM.A3AJ.01,Other,Tumour,"11,33","14,92",",41","5,81","-1,33",",57","-,59","-,68","-1,21","-1,72","1,83","-,52","-,70",",06"
BJ.A190.01,Other,Tumour,"13,68","15,39","-1,09","6,13","-3,54","-,52","-2,60","-5,60",",25","-1,01","3,35",",62","3,19","-1,87"
EM.A2OX.01,Other,Tumour,"6,58","13,15","3,20","-,72","-2,04","2,70",",65","-,08","-1,93","-1,83",",53",",08","-1,78","1,16"
EL.A3CP.01,Other,Tumour,"4,93","14,50","3,52","-2,24","-3,15","1,58",",69","-1,20","-,70","-,71","-,75","1,25","-1,81","1,69"
EL.A3D4.01,Other,Tumour,"11,69","15,51","2,32","2,72","-2,26","1,78","-,87","-2,52","-1,02","-1,27","-,68","-,95","1,34","-,65"
ET.A3BX.01,Other,Tumour,"7,84","12,58","3,90","-2,24","-,28","3,37","-,64",",26","-,10","-1,40","-,06","1,19","-1,88","1,63"
DJ.A4V4.01,Other,Tumour,"10,53","13,99","1,83","1,84","-2,28","1,32","-,04","-,80","-1,11","-1,06","1,28","-,94","-1,00",",72"
BJ.A0ZG.01,Other,Tumour,"15,21","16,38",",59",",73","-1,93",",33","-1,38","-2,51","-,78","-,60","4,35",",32","2,38","1,99"
FK.A3SH.01,Other,Tumour,"7,99","11,73","4,51","-2,24","-3,26","2,47",",26",",01","-1,58","-1,57",",80","-1,17","-1,70","1,25"
EL.A3CZ.01,Other,Tumour,"14,83","17,00",",29","4,85","-3,64","1,25","-,01","-1,60","-2,30","-,64","3,46","-,06","1,15","-,41"
EL.A3D0.01,Other,Tumour,"2,98","12,53","3,48","-1,46","-2,16","1,61",",06","-1,71","-,45","-1,19","-,83",",20","-1,58","2,15"
DJ.A2QA.01,Other,Tumour,"12,11","15,69","1,43","7,26","-1,54","2,12","-1,58","-,74","-1,53","-1,85",",94","-1,55","1,12","1,09"
BJ.A45E.01,Other,Tumour,"11,05","11,06",",94","-,59","1,59","-,13","-,08",",45",",03","-,92","-,18","-1,78","3,20","1,70"
FE.A237.01,Other,Tumour,"8,70","14,13","1,48",",07","-1,51","1,54",",80",",16","-1,35","-,80","-,74",",36","-1,88","1,19"
IM.A420.01,Other,Tumour,"8,89","12,26","2,85","2,31","-2,05","2,01",",09",",50","-,74","-1,36","-2,09","-,85","-2,10","1,64"
CE.A483.01,Other,Tumour,"5,60","14,30","1,78","1,08","-2,96","1,52","-,38","-,56","-1,15","-1,30","1,04",",22","-1,52","1,09"
DJ.A3UN.01,Other,Tumour,"9,51","15,31","1,42",",30","-,92","1,89",",05","-,69","-,61","-1,72","-,06","-,47","-,72","1,62"
ET.A25P.01,Other,Tumour,"12,00","15,32","1,06","7,60","-1,22","2,15","-,64","-1,38","-3,51","-2,36","1,12","-,57","2,04","-,21"
H2.A26U.01,Other,Tumour,"6,83","12,09","2,40","-,62","-,40","1,55",",53",",56","-,26","-1,03","-1,64","1,25","-2,44","1,14"
DJ.A4V2.01,Other,Tumour,"7,74","13,58","2,83","-2,24","-1,09","2,29","-,34",",96","-,35","-1,23","-,61",",28","-2,43","1,11"
ET.A3DU.01,Other,Tumour,"10,15","12,31","1,23","-,97","-,38","1,61","-,18",",21","-,15","-1,65","-2,05","-,76","-2,31","1,86"
DJ.A3VG.01,Other,Tumour,"14,59","15,49","1,62","5,30","-3,23","1,25","-1,20","-3,77","-2,63","-1,05","1,57","-1,48","1,86",",40"
FE.A23A.01,Other,Tumour,"8,86","12,01","2,43","2,23","-1,12","1,94",",28","1,11","-,66","-1,88","-2,13","-,28","-2,48","1,74"
DO.A1JZ.01,Classical,Tumour,"8,49","12,88","3,30",",09","-1,22","2,41","1,62","1,41","-1,26","-1,40","1,65",",88","-,54",",67"
EM.A1YC.01,Follicular,Tumour,"13,88","14,18",",99","-1,81","-4,28",",10",",02","-3,51","-,65",",62","2,79","-,48","2,53","1,03"
FK.A4UB.01,Other,Tumour,"8,97","13,82","1,33","1,88","-1,16",",74","-1,43","-2,85","-,53","-1,06","1,46","-,87","-1,51","1,02"
E8.A436.01,Other,Tumour,"11,04","13,91","2,03","5,16",",09","1,69","-,17","-,76","-,35","-1,18","1,13","-,15","-1,25",",85"
DE.A2OL.01,Other,Tumour,"14,15","15,27",",14","4,53","-3,37","1,96","-1,49","-3,75",",80",",02","3,46",",36","1,42","1,94"
BJ.A45C.01,Other,Tumour,"14,78","15,52","2,83","3,52","-3,30",",83","-1,07","-3,88","-,07","-,94","3,13","-,98","1,07",",00"
EL.A4JV.01,Other,Tumour,"13,01","16,20",",55",",85","-2,63","1,67","-,24","-2,77","-2,36","-1,63","2,24","-,73","2,49","-3,61"
E8.A419.01,Other,Tumour,"8,38","11,91","2,86",",11","-1,06","1,86","-,12",",36","-,62","-1,44","-2,11","-,65","-2,87","1,67"
E3.A3E0.01,Other,Tumour,"11,31","14,73","1,81","2,02","-2,69",",96","-,55","-,31","-,12","-1,16","2,56","-,62","-,25","1,41"
H2.A2K9.01,Other,Tumour,"14,76","14,13","-2,62",",26","-5,45","2,70","-1,91","-2,67","-2,14","-1,17","-,38",",22",",44","-,47"
FE.A230.01,Other,Tumour,"9,08","13,56","3,59","-1,18","-2,32","1,94",",57","1,47","-,21","-1,28","-,83","1,18","-2,87","1,56"
BJ.A0Z0.01,Other,Tumour,"14,74","16,73",",39","4,58","-4,98","1,33","-1,89","-2,60","-,44","-1,34","4,48",",34","-,56",",43"
EL.A3ZO.01,Classical,Tumour,"8,09","10,78","2,66",",24","1,19","1,44","-,18","-,64","-1,66","-,76","-2,44","-,14","-2,87","1,44"
DJ.A2PR.01,Other,Tumour,"10,07","12,38","4,49","-1,55","-3,41","1,61",",04",",43","-,63","-,38",",11",",63","-2,48","-,87"
DJ.A3V5.01,Other,Tumour,"8,97","14,31","1,89","-,47","-1,11","1,02",",24","-,53","-,75","-1,75","1,67",",42","-1,72","1,80"
EL.A3GR.01,Other,Tumour,"10,98","13,52","4,04","4,21","-1,17","2,56",",20","1,35",",45","-,59","1,24","2,14","-1,49","2,22"
EL.A4KH.01,Other,Tumour,"9,66","14,29",",54","3,49","-2,39","1,28","-,63","-3,59","-1,96","-3,02","-,90","-1,28","-1,52","1,67"
L6.A4EP.01,Other,Tumour,"9,31","13,12","2,43","1,99","-2,64","2,01","-1,13","-,95","-1,60","-1,73","-,64","-,77","-1,14","2,68"
ET.A39T.01,Other,Tumour,"8,77","14,27","2,19","-1,77","-2,45",",70",",36",",74","-1,34","-2,18",",62",",47","-2,40","1,33"
DJ.A3UP.01,Other,Tumour,"9,80","15,44","2,73","-1,53","-3,33","1,65",",33","-2,31","-,47","-,96",",87","-,15","-,51",",06"
J8.A3YE.01,Other,Tumour,"5,54","14,30","1,45","-,53","-5,41",",40","-,07",",10","-1,62","-,80","-,60","-,35","-2,15",",67"
DJ.A3UT.01,Other,Tumour,"14,99","15,92","1,51","5,41","-2,71",",99","-,96","-3,00","-1,47","-,76","2,33","-,80","3,31","-2,40"
BJ.A2N9.01,Classical,Tumour,"15,46","15,42",",56","1,73","-1,71","-,28","-1,56","-2,38","-2,26","-2,24","3,08","-2,49","4,41",",85"
BJ.A0ZH.01,Other,Tumour,"8,21","13,01","1,32","-1,22","-,76","2,06",",34","-,65","-1,81","-1,82","-1,38","-,56","5,34","1,33"
BJ.A0ZA.01,Other,Tumour,"15,28","16,12","2,04","6,17","-2,68","1,49",",14","-3,12","-2,21","-1,32","2,90",",27","1,96","-,32"
EM.A1CS.01,Classical,Tumour,"8,23","15,53",",15","1,05","-2,48","1,44",",56","-1,70",",58","-1,34","-,27","1,58","-2,50","1,59"
FY.A40N.01,Other,Tumour,"13,09","14,93","2,63","6,18","-3,54","1,48","-,67","-,36","-,63","-1,11","-1,22","-,04",",12","2,03"
DJ.A2QC.01,Other,Tumour,"8,39","14,93",",92","-1,73","-2,14","1,55","-,56","-1,85","-,77","-1,80","-1,23","-1,25","-,88","2,14"
EL.A3TA.01,Classical,Tumour,"12,49","14,15","1,86","5,58","-,30",",72","-,58","-1,50",",09","-1,12","1,53","-1,04",",92","1,66"
E8.A242.01,Other,Tumour,"5,15","12,93","3,86","-,68",",17","2,66",",26",",49","-,62","-1,15","-1,36",",25","-2,23","1,22"
EM.A1YE.01,Other,Tumour,"15,06","15,49","-,19","5,26","-2,42",",33","-1,68","-4,50","-2,44","-,59","4,45","-1,89","3,42",",61"
DJ.A3UV.01,Other,Tumour,"13,31","15,42","2,10","7,03","-,79","1,33","-,89","-,81","-,55","-,65","2,67",",51","1,06",",81"
H2.A3RH.01,Other,Tumour,"10,53","13,55","3,15","1,95","-3,09","2,57","-,86","-,73","-1,06","-1,15",",51","-,20","1,23","1,29"
ET.A39O.01,Other,Tumour,"8,14","13,28","3,32",",77","-,95","1,82","-,10",",35","-1,30","-1,66","-1,89","-,17","-2,87",",58"
FE.A22Z.01,Other,Tumour,"3,18","13,33","3,08","-2,24","-1,32","2,71",",14",",03","-2,15","-1,49","-2,43","1,04","-2,26","1,63"
DJ.A2QB.01,Other,Tumour,"13,95","16,23","-1,19","1,29","-1,90","1,59",",16","-3,33","-2,89","-,45",",58","-,86","2,99","-,92"
EL.A3T9.01,Other,Tumour,"10,09","9,49","3,11","1,81",",52","1,15","-,60","-2,32","-,99","-,37","-1,65",",01","-2,87",",48"
DJ.A1QQ.01,Other,Tumour,"10,26","14,40","3,41","5,28","-2,41","2,49","-,17","1,07","-,05","-1,01","1,44","1,49","-2,08","1,05"
DE.A4MD.01,Other,Tumour,"4,88","12,02",",56","-2,24","-2,07",",27","-1,34",",97","-,79","-3,16","-2,58","-,28","-2,06","2,20"
ET.A39I.01,Other,Tumour,"14,40","16,57",",44","6,74","-3,06","1,75","-,67","-2,41","-3,36","-1,03","1,73","-,24","2,27",",39"
BJ.A18Y.01,Other,Tumour,"14,40","16,55",",72","5,38","-2,27","1,49","-,45","-3,25","-1,23","-,60","2,52","-,48","1,93","-,31"
DJ.A2Q3.01,Other,Tumour,"10,26","13,81","3,08","2,82","-1,01","2,35",",32",",69","-,36","-,51","2,20",",95","-1,34",",43"
EL.A3GP.01,Other,Tumour,"10,96","12,56",",68",",18",",68","1,14",",42",",80",",22",",18",",66",",12","-,95",",82"
DJ.A2PZ.01,Other,Tumour,"10,47","13,96","2,83","6,33","-,75","1,35","-,03",",29","-1,06","-,74",",77","-,03","-1,02","1,01"
EL.A3CX.01,Other,Tumour,"1,67","5,55","-,24","-,71","3,13","1,16","-1,55","-2,36","-3,12","-,85","4,79","-1,90","2,20","-4,62"
EM.A3AK.01,Other,Tumour,"9,20","15,10",",99","2,42","-1,42","2,22","-,04","-,51","-1,01","-1,26","-,24",",63","-1,74",",33"
FE.A232.01,Other,Tumour,"13,07","14,63","1,18","7,04","-1,27","1,41",",17","-,14","-,65","-1,46","1,13","-,26",",09","1,39"
EL.A3CL.01,Other,Tumour,"7,84","14,18","2,54","-1,13","-2,70","2,99","-,80","-,09","-,20","-1,29","-1,39",",76","-2,87","2,05"
BJ.A45G.01,Other,Tumour,"14,21","15,69",",81","6,04","-3,47","1,26","-,36","-1,85","-1,49","-,80","1,26","-,29","1,98","1,12"
EL.A4K2.01,Other,Tumour,"15,16","16,43","1,32","1,37","-1,54",",98","-,23","-,38","-,31","-1,60","3,41","-1,42","2,32","1,71"
DJ.A3V4.01,Other,Tumour,"11,77","14,51","2,53","2,64","-2,39",",93",",26","-,18","-,84","-1,27","1,99",",22","-,40",",33"
E8.A438.01,Other,Tumour,"7,74","14,48",",76","-1,38","-1,68","2,07","-1,18","-3,23","-1,88","-1,87","-2,40","-1,22","2,14","-1,05"
EM.A2CM.01,Other,Tumour,"10,63","13,23",",64","-2,24","-5,97","1,79","-,48","-1,23","-2,07","-2,10","-2,94","-,60","3,55","-1,53"
FE.A3PA.01,Other,Tumour,"9,78","13,23","1,72",",42","-2,16","2,04","-,61","-2,39","-2,26","-1,25",",28","-,82","1,06","1,42"
EM.A3FL.01,Other,Tumour,"15,81","16,18","1,62","6,67","-4,40",",52","-1,48","-3,22","-2,22","-1,39","3,37","-1,06","4,34","1,54"
BJ.A3PR.01,Classical,Tumour,"11,14","12,70","1,61","6,57","-,39","1,62","-,54",",56","-,58","-,81",",14","-1,29",",53","1,89"
BJ.A28Z.01,Other,Tumour,"8,65","13,02","3,75","1,08","-,96","1,30",",16",",19",",04","-1,20","-,84","-,01","-1,59",",78"
FY.A4B3.01,Other,Tumour,"11,06","13,03","3,52","3,36","-1,57","1,54","-,05",",98","-1,29","-1,24","1,03","1,39","-1,65",",97"
EL.A3GS.01,Other,Tumour,"7,86","14,23","3,33","-,30","-3,53","2,57","-,52","1,42","-,47","-1,24",",12","1,22","-2,87","1,00"
BJ.A28V.01,Other,Tumour,"13,66","15,25",",32","6,40","-2,86","1,97","-1,47","-4,74",",41","-,15","3,89","-,21","1,81","1,95"
DJ.A13P.01,Other,Tumour,"7,68","15,17","1,04","-1,85","-2,35","1,19",",60","-1,83","-,87","-2,11","1,19","-,44","-1,51","3,27"
ET.A3DO.01,Other,Tumour,"6,98","11,46","2,91","-,82","-,27","1,92","-,19",",56","-,45","-,84","-1,68","-,52","-2,37","1,44"
EL.A3GQ.01,Other,Tumour,"11,91","14,63","1,56","5,51","-1,14","1,02",",47","-1,29","-,43","-,91","1,30","1,75","-2,09",",93"
FE.A231.01,Other,Tumour,"2,45","12,84","1,89","-2,24","4,33","1,09",",22",",91","-1,15","-3,52","-,86",",40","-,82",",83"
J8.A4HW.01,Other,Tumour,"10,90","14,25","2,14","2,99","-2,96","1,10","-,69",",96",",90","-1,02","2,82",",47","-2,43","1,80"
DJ.A3V8.01,Other,Tumour,"8,57","13,67","3,10","1,05","-2,31","1,78","-,11",",63","-,76","-1,90",",56","-,55","-1,57","1,08"
EM.A3AL.01,Other,Tumour,"14,14","14,94",",60","6,61","-2,22","1,89","-1,60","-4,10","-,20","-,12","3,36","-,37","2,15","-1,37"
MK.A4N6.01,Other,Tumour,"8,15","12,72","2,32","-,22","-,17","1,40",",85","1,04","-,54","-1,83","-1,12",",49","-2,87",",95"
EL.A3CV.01,Other,Tumour,"5,40","13,34","2,41","-1,26","-,05","2,04",",84",",75",",02","-,36",",59",",93","-2,15","1,66"
EL.A3H2.01,Classical,Tumour,"15,61","16,18","-2,44","8,58","-3,59",",27","-1,50","-3,97","-1,11","-2,22","4,02","-,98","3,37",",73"
DJ.A1QE.01,Other,Tumour,"8,47","12,39","3,29","1,87","-1,04","2,46",",46","1,05","-,21","-1,47","-,69","1,85","-,06","1,81"
J8.A3YD.01,Other,Tumour,"14,59","15,40",",74","9,85","-1,72","1,43","-,60","-1,27","-,97","-,94","3,00","-,72","3,33","1,28"
DJ.A3UW.01,Other,Tumour,"9,12","12,87","2,67",",74","-,52","1,55","-,04",",50","-,76","-,94",",95","-,58",",26","1,66"
EL.A4K7.01,Other,Tumour,"7,20","14,64","2,59","-,49","-1,44","2,12","-1,61",",14","-2,43","-1,26","-,77","-1,07","-2,87","1,07"
EM.A2CN.01,Other,Tumour,"14,07","14,78","2,39","-,96","-3,69",",81","-,77","-1,76","-2,01","-,44","1,70","-1,13","1,74",",74"
DJ.A2Q6.01,Other,Tumour,"5,28","14,09","2,41","-1,45","-,27","1,37",",10","-,68","-,73","-,49","-1,02","1,15","-2,08","1,12"
EM.A1CW.01,Classical,Tumour,"13,91","15,77","1,02","3,07","-3,60",",65",",14","-1,56","-2,48","-1,19","3,13","-1,31","4,20","-,03"
EL.A3H3.01,Other,Tumour,"8,28","12,11","2,79","4,17","1,43","1,20","-,24","1,93","-,34",",00","-1,95","-,06","1,21","1,17"
J8.A3O2.01,Other,Tumour,"13,22","14,12","2,84","-,33","-1,61",",59",",11","-,17",",08","-1,14","1,26",",64","-,61","1,93"
EL.A3CM.01,Other,Tumour,"8,40","13,52","2,53","-1,38",",02","1,40",",41",",03","-,93","-,59","-1,76",",80","-1,47","1,71"
FY.A3BL.01,Other,Tumour,"9,70","13,76","2,93","-2,24","-2,04","1,21",",21","-,24","-,61","-1,95","-,32",",35","-1,29","1,37"
DJ.A3VB.01,Other,Tumour,"8,07","12,15","3,57","-,09","-,79","2,23","-,32","1,00","-1,69","-1,36","-2,83","-,68","-1,50","1,45"
J8.A3YG.01,Other,Tumour,"10,23","13,15","1,91","5,28","-,37","2,26",",00",",40","-,76","-1,53",",26",",31","-1,12","1,15"
BJ.A291.01,Other,Tumour,"8,57","14,15","1,57","12,18","-3,46",",12","-1,27","-2,41","-3,28","-,17","3,22","-1,28",",76",",62"
EM.A2OV.01,Other,Tumour,"14,07","15,11",",79","8,16","-4,38","-1,11","-2,28","-1,41","-1,29","-1,22","3,76",",37","4,19","2,43"
DJ.A2Q4.01,Other,Tumour,"9,34","13,75","3,68","2,16","-2,24","2,16","-,09",",98","-,57","-1,16",",44",",26","-2,55","2,13"
CE.A485.01,Other,Tumour,"10,05","13,09","3,60","4,48","-,56","1,76","-,64","-,49","-,67","-,69",",99",",10","-,01","1,10"
DJ.A2PN.01,Other,Tumour,"10,97","14,54","2,89",",26","-1,44","2,31","-,70",",29",",38","-,94","1,72",",93","-,72","1,96"
IM.A4EB.01,Other,Tumour,"8,58","12,60","3,31","1,31","-1,40","2,03","-,29",",14","-,64","-,94","-,95","-,76","-2,87","1,28"
EM.A3O9.01,Other,Tumour,"10,21","11,60","1,86","-2,24","-2,80","-1,44",",83","-,59","-1,92",",26","-,97","-1,35","4,61","-3,77"
ET.A25O.01,Other,Tumour,"8,28","14,92","1,37","-1,57","-1,81","1,66",",40","-2,67","-,60","-2,02","-1,16",",43","-1,95","1,53"
KS.A41L.01,Follicular,Tumour,"12,73","15,59","-,54","8,46","-2,34",",66","-2,14","-4,56","-,82","-3,18","2,66","-1,84","2,87","1,94"
J8.A3NZ.01,Other,Tumour,"5,47","12,76","2,11","-1,87","-1,89","1,64",",08",",84","-1,05","-,89","-2,43",",56","-2,49",",90"
DJ.A1QG.01,Other,Tumour,"10,41","14,63",",14","-,99","-2,74","2,09",",53","-1,21","-2,01","-,69","-1,43","-,10","3,34",",17"
